--
-- PostgreSQL database dump
--

SET statement_timeout = 0;
SET lock_timeout = 0;
SET client_encoding = 'UTF8';
SET standard_conforming_strings = on;
SET check_function_bodies = false;
SET client_min_messages = warning;

--
-- Name: HAS; Type: SCHEMA; Schema: -; Owner: sinfdoc
--

CREATE SCHEMA "HAS";


ALTER SCHEMA "HAS" OWNER TO sinfdoc;

SET search_path = "HAS", pg_catalog;

SET default_tablespace = '';

SET default_with_oids = false;

--
-- Name: actuators; Type: TABLE; Schema: HAS; Owner: sinfdoc; Tablespace: 
--

CREATE TABLE actuators (
    actuatorid integer NOT NULL,
    name text,
    description text
);


ALTER TABLE actuators OWNER TO sinfdoc;

--
-- Name: actuators_actuatorid_seq; Type: SEQUENCE; Schema: HAS; Owner: sinfdoc
--

CREATE SEQUENCE actuators_actuatorid_seq
    START WITH 1
    INCREMENT BY 1
    NO MINVALUE
    NO MAXVALUE
    CACHE 1;


ALTER TABLE actuators_actuatorid_seq OWNER TO sinfdoc;

--
-- Name: actuators_actuatorid_seq; Type: SEQUENCE OWNED BY; Schema: HAS; Owner: sinfdoc
--

ALTER SEQUENCE actuators_actuatorid_seq OWNED BY actuators.actuatorid;


--
-- Name: measurements; Type: TABLE; Schema: HAS; Owner: sinfdoc; Tablespace: 
--

CREATE TABLE measurements (
    measurementid integer NOT NULL,
    moteid integer,
    sensors integer,
    value numeric,
    "timestamp" timestamp with time zone
);


ALTER TABLE measurements OWNER TO sinfdoc;

--
-- Name: measurements_measurementid_seq; Type: SEQUENCE; Schema: HAS; Owner: sinfdoc
--

CREATE SEQUENCE measurements_measurementid_seq
    START WITH 1
    INCREMENT BY 1
    NO MINVALUE
    NO MAXVALUE
    CACHE 1;


ALTER TABLE measurements_measurementid_seq OWNER TO sinfdoc;

--
-- Name: measurements_measurementid_seq; Type: SEQUENCE OWNED BY; Schema: HAS; Owner: sinfdoc
--

ALTER SEQUENCE measurements_measurementid_seq OWNED BY measurements.measurementid;


--
-- Name: room; Type: TABLE; Schema: HAS; Owner: sinfdoc; Tablespace: 
--

CREATE TABLE room (
    roomid integer NOT NULL,
    name text,
    dimensions numeric
);


ALTER TABLE room OWNER TO sinfdoc;

--
-- Name: room_actuator; Type: TABLE; Schema: HAS; Owner: sinfdoc; Tablespace: 
--

CREATE TABLE room_actuator (
    raid integer NOT NULL,
    actuatorid integer,
    roomid integer,
    current_state text
);


ALTER TABLE room_actuator OWNER TO sinfdoc;

--
-- Name: room_actuator_raid_seq; Type: SEQUENCE; Schema: HAS; Owner: sinfdoc
--

CREATE SEQUENCE room_actuator_raid_seq
    START WITH 1
    INCREMENT BY 1
    NO MINVALUE
    NO MAXVALUE
    CACHE 1;


ALTER TABLE room_actuator_raid_seq OWNER TO sinfdoc;

--
-- Name: room_actuator_raid_seq; Type: SEQUENCE OWNED BY; Schema: HAS; Owner: sinfdoc
--

ALTER SEQUENCE room_actuator_raid_seq OWNED BY room_actuator.raid;


--
-- Name: room_roomid_seq; Type: SEQUENCE; Schema: HAS; Owner: sinfdoc
--

CREATE SEQUENCE room_roomid_seq
    START WITH 1
    INCREMENT BY 1
    NO MINVALUE
    NO MAXVALUE
    CACHE 1;


ALTER TABLE room_roomid_seq OWNER TO sinfdoc;

--
-- Name: room_roomid_seq; Type: SEQUENCE OWNED BY; Schema: HAS; Owner: sinfdoc
--

ALTER SEQUENCE room_roomid_seq OWNED BY room.roomid;


--
-- Name: rules; Type: TABLE; Schema: HAS; Owner: sinfdoc; Tablespace: 
--

CREATE TABLE rules (
    ruleid integer NOT NULL,
    value numeric,
    action text,
    moteid integer,
    sensor integer,
    actuatorid integer
);


ALTER TABLE rules OWNER TO sinfdoc;

--
-- Name: rules_ruleid_seq; Type: SEQUENCE; Schema: HAS; Owner: sinfdoc
--

CREATE SEQUENCE rules_ruleid_seq
    START WITH 1
    INCREMENT BY 1
    NO MINVALUE
    NO MAXVALUE
    CACHE 1;


ALTER TABLE rules_ruleid_seq OWNER TO sinfdoc;

--
-- Name: rules_ruleid_seq; Type: SEQUENCE OWNED BY; Schema: HAS; Owner: sinfdoc
--

ALTER SEQUENCE rules_ruleid_seq OWNED BY rules.ruleid;


--
-- Name: sensors; Type: TABLE; Schema: HAS; Owner: sinfdoc; Tablespace: 
--

CREATE TABLE sensors (
    moteid integer NOT NULL,
    sensor integer NOT NULL,
    roomid integer
);


ALTER TABLE sensors OWNER TO sinfdoc;

--
-- Name: state; Type: TABLE; Schema: HAS; Owner: sinfdoc; Tablespace: 
--

CREATE TABLE state (
    stateid integer NOT NULL,
    state text,
    "timestamp" timestamp with time zone,
    raid integer
);


ALTER TABLE state OWNER TO sinfdoc;

--
-- Name: state_stateid_seq; Type: SEQUENCE; Schema: HAS; Owner: sinfdoc
--

CREATE SEQUENCE state_stateid_seq
    START WITH 1
    INCREMENT BY 1
    NO MINVALUE
    NO MAXVALUE
    CACHE 1;


ALTER TABLE state_stateid_seq OWNER TO sinfdoc;

--
-- Name: state_stateid_seq; Type: SEQUENCE OWNED BY; Schema: HAS; Owner: sinfdoc
--

ALTER SEQUENCE state_stateid_seq OWNED BY state.stateid;


--
-- Name: actuatorid; Type: DEFAULT; Schema: HAS; Owner: sinfdoc
--

ALTER TABLE ONLY actuators ALTER COLUMN actuatorid SET DEFAULT nextval('actuators_actuatorid_seq'::regclass);


--
-- Name: measurementid; Type: DEFAULT; Schema: HAS; Owner: sinfdoc
--

ALTER TABLE ONLY measurements ALTER COLUMN measurementid SET DEFAULT nextval('measurements_measurementid_seq'::regclass);


--
-- Name: roomid; Type: DEFAULT; Schema: HAS; Owner: sinfdoc
--

ALTER TABLE ONLY room ALTER COLUMN roomid SET DEFAULT nextval('room_roomid_seq'::regclass);


--
-- Name: raid; Type: DEFAULT; Schema: HAS; Owner: sinfdoc
--

ALTER TABLE ONLY room_actuator ALTER COLUMN raid SET DEFAULT nextval('room_actuator_raid_seq'::regclass);


--
-- Name: ruleid; Type: DEFAULT; Schema: HAS; Owner: sinfdoc
--

ALTER TABLE ONLY rules ALTER COLUMN ruleid SET DEFAULT nextval('rules_ruleid_seq'::regclass);


--
-- Name: stateid; Type: DEFAULT; Schema: HAS; Owner: sinfdoc
--

ALTER TABLE ONLY state ALTER COLUMN stateid SET DEFAULT nextval('state_stateid_seq'::regclass);


--
-- Data for Name: actuators; Type: TABLE DATA; Schema: HAS; Owner: sinfdoc
--

COPY actuators (actuatorid, name, description) FROM stdin;
1	Heater	The heater has the capability to increase the room temperature
2	Air Conditioner	The AC has the capability to decrease the room temperature
3	Window	Can open and close the window.
4	Light	Turn on and off a lamp
\.


--
-- Name: actuators_actuatorid_seq; Type: SEQUENCE SET; Schema: HAS; Owner: sinfdoc
--

SELECT pg_catalog.setval('actuators_actuatorid_seq', 4, true);


--
-- Data for Name: measurements; Type: TABLE DATA; Schema: HAS; Owner: sinfdoc
--

COPY measurements (measurementid, moteid, sensors, value, "timestamp") FROM stdin;
605	2	1	0	2018-05-15 18:55:07.081538+00
606	2	2	4	2018-05-15 18:55:07.123834+00
607	2	3	2494	2018-05-15 18:55:07.131326+00
608	3	1	0	2018-05-15 18:55:07.333887+00
609	3	2	4	2018-05-15 18:55:07.340337+00
610	3	3	2485	2018-05-15 18:55:07.345201+00
611	4	1	0	2018-05-15 18:55:07.585608+00
612	4	2	3	2018-05-15 18:55:07.591324+00
613	4	3	2442	2018-05-15 18:55:07.597613+00
614	1	1	0	2018-05-15 18:55:07.835647+00
615	1	2	4	2018-05-15 18:55:07.841592+00
616	1	3	2455	2018-05-15 18:55:07.849853+00
617	2	1	1	2018-05-15 18:55:08.0867+00
618	2	2	3	2018-05-15 18:55:08.107888+00
619	2	3	2423	2018-05-15 18:55:08.114831+00
620	3	1	1	2018-05-15 18:55:08.338272+00
621	3	2	4	2018-05-15 18:55:08.348808+00
622	3	3	2405	2018-05-15 18:55:08.354056+00
623	4	1	1	2018-05-15 18:55:08.588416+00
624	4	2	3	2018-05-15 18:55:08.59414+00
625	4	3	2384	2018-05-15 18:55:08.602844+00
626	1	1	1	2018-05-15 18:55:08.839391+00
627	1	2	3	2018-05-15 18:55:08.845243+00
628	1	3	2382	2018-05-15 18:55:08.852219+00
629	2	1	2	2018-05-15 18:55:09.57313+00
630	2	2	3	2018-05-15 18:55:09.606085+00
631	2	3	2336	2018-05-15 18:55:09.611065+00
632	3	1	2	2018-05-15 18:55:09.667198+00
633	3	2	3	2018-05-15 18:55:09.676926+00
634	3	3	2316	2018-05-15 18:55:09.68158+00
635	4	1	2	2018-05-15 18:55:09.706142+00
636	4	2	3	2018-05-15 18:55:09.711043+00
637	4	3	2291	2018-05-15 18:55:09.716863+00
638	1	1	2	2018-05-15 18:55:09.841642+00
639	1	2	3	2018-05-15 18:55:09.847726+00
640	1	3	2272	2018-05-15 18:55:09.854492+00
641	2	1	3	2018-05-15 18:55:10.093797+00
642	2	2	3	2018-05-15 18:55:10.100399+00
643	2	3	2286	2018-05-15 18:55:10.107169+00
644	3	1	3	2018-05-15 18:55:10.391039+00
645	3	2	4	2018-05-15 18:55:10.396008+00
646	3	3	2243	2018-05-15 18:55:10.40149+00
647	4	1	3	2018-05-15 18:55:10.594933+00
648	4	2	3	2018-05-15 18:55:10.602521+00
649	4	3	2224	2018-05-15 18:55:10.612497+00
650	1	1	3	2018-05-15 18:55:10.845672+00
651	1	2	3	2018-05-15 18:55:10.850648+00
652	1	3	2204	2018-05-15 18:55:10.856488+00
653	2	1	4	2018-05-15 18:55:11.096913+00
654	2	2	3	2018-05-15 18:55:11.103178+00
655	2	3	2183	2018-05-15 18:55:11.109037+00
656	3	1	4	2018-05-15 18:55:11.346185+00
657	3	2	3	2018-05-15 18:55:11.351803+00
658	3	3	2190	2018-05-15 18:55:11.360479+00
659	4	1	4	2018-05-15 18:55:11.598945+00
660	4	2	3	2018-05-15 18:55:11.605125+00
661	4	3	2137	2018-05-15 18:55:11.610762+00
662	1	1	4	2018-05-15 18:55:11.847069+00
663	1	2	3	2018-05-15 18:55:11.851627+00
664	1	3	2140	2018-05-15 18:55:11.860897+00
665	2	1	5	2018-05-15 18:55:12.09784+00
666	2	2	4	2018-05-15 18:55:12.103993+00
667	2	3	2103	2018-05-15 18:55:12.110623+00
668	3	1	5	2018-05-15 18:55:12.350289+00
669	3	2	3	2018-05-15 18:55:12.356454+00
670	3	3	2085	2018-05-15 18:55:12.361832+00
671	4	1	5	2018-05-15 18:55:12.603736+00
672	4	2	3	2018-05-15 18:55:12.609927+00
673	4	3	2064	2018-05-15 18:55:12.615379+00
674	1	1	5	2018-05-15 18:55:12.851796+00
675	1	2	3	2018-05-15 18:55:12.859909+00
676	1	3	2055	2018-05-15 18:55:12.865895+00
677	2	1	5	2018-05-15 18:55:13.100776+00
678	2	2	4	2018-05-15 18:55:13.105167+00
679	2	3	2053	2018-05-15 18:55:13.110778+00
680	3	1	6	2018-05-15 18:55:13.353079+00
681	3	2	3	2018-05-15 18:55:13.358114+00
682	3	3	2007	2018-05-15 18:55:13.364238+00
683	4	1	6	2018-05-15 18:55:13.604113+00
684	4	2	4	2018-05-15 18:55:13.613019+00
685	4	3	1988	2018-05-15 18:55:13.617392+00
686	1	1	6	2018-05-15 18:55:13.855667+00
687	1	2	3	2018-05-15 18:55:13.861471+00
688	1	3	1998	2018-05-15 18:55:13.867559+00
689	2	1	6	2018-05-15 18:55:14.105825+00
690	2	2	3	2018-05-15 18:55:14.111544+00
691	2	3	1982	2018-05-15 18:55:14.120693+00
692	3	1	7	2018-05-15 18:55:14.357647+00
693	3	2	3	2018-05-15 18:55:14.363481+00
694	3	3	1959	2018-05-15 18:55:14.370351+00
695	4	1	7	2018-05-15 18:55:14.608374+00
696	4	2	3	2018-05-15 18:55:14.613212+00
697	4	3	1938	2018-05-15 18:55:14.619816+00
698	1	1	7	2018-05-15 18:55:14.858018+00
699	1	2	3	2018-05-15 18:55:14.863829+00
700	1	3	1902	2018-05-15 18:55:14.87091+00
701	2	1	7	2018-05-15 18:55:15.109567+00
702	2	2	3	2018-05-15 18:55:15.115693+00
703	2	3	1899	2018-05-15 18:55:15.121689+00
704	3	1	8	2018-05-15 18:55:15.362848+00
705	3	2	3	2018-05-15 18:55:15.367593+00
706	3	3	1879	2018-05-15 18:55:15.373767+00
707	4	1	8	2018-05-15 18:55:15.615324+00
708	4	2	3	2018-05-15 18:55:15.623113+00
709	4	3	1842	2018-05-15 18:55:15.653849+00
710	1	1	8	2018-05-15 18:55:15.862781+00
711	1	2	3	2018-05-15 18:55:15.868878+00
712	1	3	1817	2018-05-15 18:55:15.875139+00
713	2	1	8	2018-05-15 18:55:16.113791+00
714	2	2	3	2018-05-15 18:55:16.119981+00
715	2	3	1819	2018-05-15 18:55:16.127599+00
716	3	1	8	2018-05-15 18:55:16.365484+00
717	3	2	3	2018-05-15 18:55:16.37147+00
718	3	3	1801	2018-05-15 18:55:16.378957+00
719	4	1	9	2018-05-15 18:55:16.616917+00
720	4	2	3	2018-05-15 18:55:16.621847+00
721	4	3	1769	2018-05-15 18:55:16.628028+00
722	1	1	9	2018-05-15 18:55:16.938834+00
723	1	2	3	2018-05-15 18:55:16.9454+00
724	1	3	1773	2018-05-15 18:55:16.957014+00
725	2	1	9	2018-05-15 18:55:17.120181+00
726	2	2	4	2018-05-15 18:55:17.13312+00
727	2	3	1746	2018-05-15 18:55:17.142718+00
728	3	1	9	2018-05-15 18:55:17.37122+00
729	3	2	4	2018-05-15 18:55:17.382047+00
730	3	3	1716	2018-05-15 18:55:17.390174+00
731	4	1	10	2018-05-15 18:55:17.621928+00
732	4	2	3	2018-05-15 18:55:17.628126+00
733	4	3	1725	2018-05-15 18:55:17.635311+00
734	1	1	10	2018-05-15 18:55:17.873178+00
735	1	2	4	2018-05-15 18:55:17.878241+00
736	1	3	1707	2018-05-15 18:55:17.884604+00
737	2	1	10	2018-05-15 18:55:18.123596+00
738	2	2	3	2018-05-15 18:55:18.131328+00
739	2	3	1689	2018-05-15 18:55:18.141635+00
740	3	1	10	2018-05-15 18:55:18.375242+00
741	3	2	4	2018-05-15 18:55:18.380955+00
742	3	3	1657	2018-05-15 18:55:18.388398+00
743	4	1	10	2018-05-15 18:55:18.626105+00
744	4	2	4	2018-05-15 18:55:18.632955+00
745	4	3	1647	2018-05-15 18:55:18.642623+00
746	1	1	11	2018-05-15 18:55:18.877691+00
747	1	2	4	2018-05-15 18:55:18.885421+00
748	1	3	1636	2018-05-15 18:55:18.891656+00
749	2	1	11	2018-05-15 18:55:19.128164+00
750	2	2	4	2018-05-15 18:55:19.134321+00
751	2	3	1588	2018-05-15 18:55:19.142868+00
752	3	1	11	2018-05-15 18:55:19.379024+00
753	3	2	3	2018-05-15 18:55:19.386169+00
754	3	3	1586	2018-05-15 18:55:19.394463+00
755	4	1	11	2018-05-15 18:55:19.630128+00
756	4	2	3	2018-05-15 18:55:19.635767+00
757	4	3	1551	2018-05-15 18:55:19.642704+00
758	1	1	11	2018-05-15 18:55:19.879539+00
759	1	2	3	2018-05-15 18:55:19.885885+00
760	1	3	1547	2018-05-15 18:55:19.891328+00
761	2	1	12	2018-05-15 18:55:20.131891+00
762	2	2	4	2018-05-15 18:55:20.136809+00
763	2	3	1526	2018-05-15 18:55:20.145162+00
764	3	1	12	2018-05-15 18:55:20.382911+00
765	3	2	3	2018-05-15 18:55:20.38832+00
766	3	3	1531	2018-05-15 18:55:20.394609+00
767	4	1	12	2018-05-15 18:55:20.63393+00
768	4	2	4	2018-05-15 18:55:20.647782+00
769	4	3	1487	2018-05-15 18:55:20.656377+00
770	1	1	12	2018-05-15 18:55:20.883411+00
771	1	2	4	2018-05-15 18:55:20.889912+00
772	1	3	1480	2018-05-15 18:55:20.896939+00
773	2	1	13	2018-05-15 18:55:21.136571+00
774	2	2	4	2018-05-15 18:55:21.142836+00
775	2	3	1441	2018-05-15 18:55:21.149192+00
776	3	1	13	2018-05-15 18:55:21.385176+00
777	3	2	3	2018-05-15 18:55:21.390616+00
778	3	3	1444	2018-05-15 18:55:21.396036+00
779	4	1	13	2018-05-15 18:55:21.638009+00
780	4	2	3	2018-05-15 18:55:21.646273+00
781	4	3	1437	2018-05-15 18:55:21.652735+00
782	1	1	13	2018-05-15 18:55:21.890329+00
783	1	2	4	2018-05-15 18:55:21.896313+00
784	1	3	1398	2018-05-15 18:55:21.901717+00
785	2	1	13	2018-05-15 18:55:22.139515+00
786	2	2	3	2018-05-15 18:55:22.146406+00
787	2	3	1403	2018-05-15 18:55:22.152307+00
788	3	1	14	2018-05-15 18:55:22.389246+00
789	3	2	4	2018-05-15 18:55:22.394295+00
790	3	3	1387	2018-05-15 18:55:22.399271+00
791	4	1	14	2018-05-15 18:55:22.64211+00
792	4	2	4	2018-05-15 18:55:22.653581+00
793	4	3	1373	2018-05-15 18:55:22.658802+00
794	1	1	14	2018-05-15 18:55:22.893434+00
795	1	2	3	2018-05-15 18:55:22.899085+00
796	1	3	1352	2018-05-15 18:55:22.905067+00
797	2	1	14	2018-05-15 18:55:23.144923+00
798	2	2	4	2018-05-15 18:55:23.150012+00
799	2	3	1325	2018-05-15 18:55:23.157431+00
800	3	1	14	2018-05-15 18:55:23.3964+00
801	3	2	3	2018-05-15 18:55:23.405357+00
802	3	3	1316	2018-05-15 18:55:23.411804+00
803	4	1	15	2018-05-15 18:55:23.647896+00
804	4	2	3	2018-05-15 18:55:23.654524+00
805	4	3	1274	2018-05-15 18:55:23.67103+00
806	1	1	15	2018-05-15 18:55:23.900364+00
807	1	2	3	2018-05-15 18:55:23.906473+00
808	1	3	1277	2018-05-15 18:55:23.914687+00
809	2	1	15	2018-05-15 18:55:24.195281+00
810	2	2	3	2018-05-15 18:55:24.203273+00
811	2	3	1254	2018-05-15 18:55:24.214469+00
812	3	1	15	2018-05-15 18:55:24.39988+00
813	3	2	4	2018-05-15 18:55:24.405944+00
814	3	3	1238	2018-05-15 18:55:24.412938+00
815	4	1	15	2018-05-15 18:55:24.65032+00
816	4	2	3	2018-05-15 18:55:24.657124+00
817	4	3	1233	2018-05-15 18:55:24.663131+00
818	1	1	16	2018-05-15 18:55:24.900926+00
819	1	2	3	2018-05-15 18:55:24.908593+00
820	1	3	1222	2018-05-15 18:55:24.916744+00
821	2	1	16	2018-05-15 18:55:25.153599+00
822	2	2	3	2018-05-15 18:55:25.160826+00
823	2	3	1183	2018-05-15 18:55:25.167557+00
824	3	1	16	2018-05-15 18:55:25.404655+00
825	3	2	3	2018-05-15 18:55:25.4097+00
826	3	3	1192	2018-05-15 18:55:25.416353+00
827	4	1	16	2018-05-15 18:55:25.655477+00
828	4	2	3	2018-05-15 18:55:25.662498+00
829	4	3	1167	2018-05-15 18:55:25.686556+00
830	1	1	16	2018-05-15 18:55:25.90554+00
831	1	2	3	2018-05-15 18:55:25.912213+00
832	1	3	1151	2018-05-15 18:55:25.918951+00
833	2	1	17	2018-05-15 18:55:26.156629+00
834	2	2	3	2018-05-15 18:55:26.162756+00
835	2	3	1112	2018-05-15 18:55:26.170445+00
836	3	1	17	2018-05-15 18:55:26.408588+00
837	3	2	3	2018-05-15 18:55:26.413624+00
838	3	3	1130	2018-05-15 18:55:26.418783+00
839	4	1	17	2018-05-15 18:55:26.661392+00
840	4	2	4	2018-05-15 18:55:26.667982+00
841	4	3	1110	2018-05-15 18:55:26.675914+00
842	1	1	17	2018-05-15 18:55:26.91058+00
843	1	2	3	2018-05-15 18:55:26.920752+00
844	1	3	1068	2018-05-15 18:55:26.939566+00
845	2	1	17	2018-05-15 18:55:27.163139+00
846	2	2	4	2018-05-15 18:55:27.170533+00
847	2	3	1052	2018-05-15 18:55:27.178053+00
848	3	1	17	2018-05-15 18:55:27.413417+00
849	3	2	3	2018-05-15 18:55:27.422114+00
850	3	3	1036	2018-05-15 18:55:27.43366+00
851	4	1	18	2018-05-15 18:55:27.663948+00
852	4	2	3	2018-05-15 18:55:27.668907+00
853	4	3	1039	2018-05-15 18:55:27.676564+00
854	1	1	18	2018-05-15 18:55:27.91624+00
855	1	2	3	2018-05-15 18:55:27.921988+00
856	1	3	1011	2018-05-15 18:55:27.932331+00
857	2	1	18	2018-05-15 18:55:28.167041+00
858	2	2	4	2018-05-15 18:55:28.172746+00
859	2	3	1023	2018-05-15 18:55:28.178928+00
860	3	1	18	2018-05-15 18:55:28.417816+00
861	3	2	4	2018-05-15 18:55:28.424028+00
862	3	3	995	2018-05-15 18:55:28.431625+00
863	4	1	18	2018-05-15 18:55:28.668604+00
864	4	2	3	2018-05-15 18:55:28.674989+00
865	4	3	963	2018-05-15 18:55:28.682811+00
866	1	1	19	2018-05-15 18:55:28.920394+00
867	1	2	4	2018-05-15 18:55:28.933833+00
868	1	3	942	2018-05-15 18:55:28.941607+00
869	2	1	19	2018-05-15 18:55:29.170191+00
870	2	2	3	2018-05-15 18:55:29.175896+00
871	2	3	938	2018-05-15 18:55:29.184783+00
872	3	1	19	2018-05-15 18:55:29.423255+00
873	3	2	4	2018-05-15 18:55:29.430989+00
874	3	3	936	2018-05-15 18:55:29.43872+00
875	4	1	19	2018-05-15 18:55:29.672708+00
876	4	2	3	2018-05-15 18:55:29.677602+00
877	4	3	926	2018-05-15 18:55:29.681547+00
878	1	1	19	2018-05-15 18:55:29.925414+00
879	1	2	3	2018-05-15 18:55:29.93645+00
880	1	3	915	2018-05-15 18:55:29.953503+00
881	2	1	19	2018-05-15 18:55:30.176739+00
882	2	2	4	2018-05-15 18:55:30.184572+00
883	2	3	885	2018-05-15 18:55:30.194521+00
884	3	1	20	2018-05-15 18:55:30.427458+00
885	3	2	3	2018-05-15 18:55:30.433517+00
886	3	3	853	2018-05-15 18:55:30.441259+00
887	4	1	20	2018-05-15 18:55:30.676644+00
888	4	2	3	2018-05-15 18:55:30.683846+00
889	4	3	844	2018-05-15 18:55:30.690886+00
890	1	1	20	2018-05-15 18:55:30.927403+00
891	1	2	3	2018-05-15 18:55:30.934727+00
892	1	3	842	2018-05-15 18:55:30.940101+00
893	2	1	20	2018-05-15 18:55:31.180086+00
894	2	2	3	2018-05-15 18:55:31.186093+00
895	2	3	842	2018-05-15 18:55:31.193347+00
896	3	1	20	2018-05-15 18:55:31.429167+00
897	3	2	3	2018-05-15 18:55:31.434919+00
898	3	3	828	2018-05-15 18:55:31.441498+00
899	4	1	20	2018-05-15 18:55:31.681827+00
900	4	2	3	2018-05-15 18:55:31.688591+00
901	4	3	819	2018-05-15 18:55:31.696987+00
902	1	1	21	2018-05-15 18:55:31.931204+00
903	1	2	3	2018-05-15 18:55:31.936243+00
904	1	3	796	2018-05-15 18:55:31.942094+00
905	2	1	21	2018-05-15 18:55:32.185412+00
906	2	2	3	2018-05-15 18:55:32.191923+00
907	2	3	789	2018-05-15 18:55:32.205019+00
908	3	1	21	2018-05-15 18:55:32.434338+00
909	3	2	3	2018-05-15 18:55:32.440311+00
910	3	3	750	2018-05-15 18:55:32.447801+00
911	4	1	21	2018-05-15 18:55:32.686474+00
912	4	2	4	2018-05-15 18:55:32.735487+00
913	4	3	755	2018-05-15 18:55:32.745571+00
914	1	1	21	2018-05-15 18:55:32.936615+00
915	1	2	3	2018-05-15 18:55:32.942965+00
916	1	3	723	2018-05-15 18:55:32.949583+00
917	2	1	21	2018-05-15 18:55:33.188279+00
918	2	2	3	2018-05-15 18:55:33.193019+00
919	2	3	704	2018-05-15 18:55:33.200113+00
920	3	1	22	2018-05-15 18:55:33.439996+00
921	3	2	3	2018-05-15 18:55:33.446056+00
922	3	3	716	2018-05-15 18:55:33.453139+00
923	4	1	22	2018-05-15 18:55:33.689491+00
924	4	2	3	2018-05-15 18:55:33.694838+00
925	4	3	702	2018-05-15 18:55:33.700499+00
926	1	1	22	2018-05-15 18:55:33.942564+00
927	1	2	3	2018-05-15 18:55:33.949205+00
928	1	3	695	2018-05-15 18:55:33.961992+00
929	2	1	22	2018-05-15 18:55:34.191805+00
930	2	2	3	2018-05-15 18:55:34.199565+00
931	2	3	675	2018-05-15 18:55:34.20581+00
932	3	1	22	2018-05-15 18:55:34.444191+00
933	3	2	4	2018-05-15 18:55:34.451622+00
934	3	3	643	2018-05-15 18:55:34.459921+00
935	4	1	22	2018-05-15 18:55:34.694875+00
936	4	2	4	2018-05-15 18:55:34.701114+00
937	4	3	645	2018-05-15 18:55:34.708324+00
938	1	1	23	2018-05-15 18:55:34.94619+00
939	1	2	3	2018-05-15 18:55:34.958248+00
940	1	3	652	2018-05-15 18:55:34.972757+00
941	2	1	23	2018-05-15 18:55:35.197795+00
942	2	2	4	2018-05-15 18:55:35.204535+00
943	2	3	611	2018-05-15 18:55:35.212939+00
944	3	1	23	2018-05-15 18:55:35.448356+00
945	3	2	3	2018-05-15 18:55:35.453116+00
946	3	3	615	2018-05-15 18:55:35.461628+00
947	4	1	23	2018-05-15 18:55:35.700368+00
948	4	2	3	2018-05-15 18:55:35.705376+00
949	4	3	606	2018-05-15 18:55:35.711825+00
950	1	1	23	2018-05-15 18:55:35.949698+00
951	1	2	3	2018-05-15 18:55:35.955131+00
952	1	3	579	2018-05-15 18:55:35.961772+00
953	2	1	23	2018-05-15 18:55:36.202422+00
954	2	2	3	2018-05-15 18:55:36.208387+00
955	2	3	585	2018-05-15 18:55:36.215406+00
956	3	1	23	2018-05-15 18:55:36.452558+00
957	3	2	4	2018-05-15 18:55:36.458548+00
958	3	3	579	2018-05-15 18:55:36.464918+00
959	4	1	24	2018-05-15 18:55:36.704148+00
960	4	2	3	2018-05-15 18:55:36.708862+00
961	4	3	542	2018-05-15 18:55:36.714644+00
962	1	1	24	2018-05-15 18:55:36.954648+00
963	1	2	3	2018-05-15 18:55:36.962585+00
964	1	3	531	2018-05-15 18:55:36.969649+00
965	2	1	24	2018-05-15 18:55:37.206854+00
966	2	2	3	2018-05-15 18:55:37.211948+00
967	2	3	517	2018-05-15 18:55:37.217888+00
968	3	1	24	2018-05-15 18:55:37.457372+00
969	3	2	3	2018-05-15 18:55:37.464332+00
970	3	3	524	2018-05-15 18:55:37.471829+00
971	4	1	24	2018-05-15 18:55:37.706925+00
972	4	2	3	2018-05-15 18:55:37.712045+00
973	4	3	526	2018-05-15 18:55:37.716696+00
974	1	1	24	2018-05-15 18:55:37.993028+00
975	1	2	3	2018-05-15 18:55:38.001261+00
976	1	3	508	2018-05-15 18:55:38.010861+00
977	2	1	24	2018-05-15 18:55:38.210123+00
978	2	2	3	2018-05-15 18:55:38.220325+00
979	2	3	466	2018-05-15 18:55:38.227787+00
980	3	1	25	2018-05-15 18:55:38.463194+00
981	3	2	4	2018-05-15 18:55:38.468994+00
982	3	3	471	2018-05-15 18:55:38.476363+00
983	4	1	25	2018-05-15 18:55:38.712792+00
984	4	2	3	2018-05-15 18:55:38.717694+00
985	4	3	464	2018-05-15 18:55:38.725825+00
986	1	1	25	2018-05-15 18:55:38.966068+00
987	1	2	4	2018-05-15 18:55:38.978422+00
988	1	3	450	2018-05-15 18:55:38.984542+00
989	2	1	25	2018-05-15 18:55:39.216743+00
990	2	2	3	2018-05-15 18:55:39.221936+00
991	2	3	462	2018-05-15 18:55:39.238605+00
992	3	1	25	2018-05-15 18:55:39.467774+00
993	3	2	3	2018-05-15 18:55:39.475938+00
994	3	3	421	2018-05-15 18:55:39.481192+00
995	4	1	25	2018-05-15 18:55:39.717975+00
996	4	2	4	2018-05-15 18:55:39.724277+00
997	4	3	414	2018-05-15 18:55:39.731773+00
998	1	1	25	2018-05-15 18:55:39.968555+00
999	1	2	3	2018-05-15 18:55:39.977482+00
1000	1	3	423	2018-05-15 18:55:39.982504+00
1001	2	1	25	2018-05-15 18:55:40.221078+00
1002	2	2	66	2018-05-15 18:55:40.227759+00
1003	2	3	405	2018-05-15 18:55:40.237418+00
1004	3	1	26	2018-05-15 18:55:40.47279+00
1005	3	2	66	2018-05-15 18:55:40.483429+00
1006	3	3	384	2018-05-15 18:55:40.490333+00
1007	4	1	26	2018-05-15 18:55:40.722975+00
1008	4	2	66	2018-05-15 18:55:40.727658+00
1009	4	3	366	2018-05-15 18:55:40.733357+00
1010	1	1	26	2018-05-15 18:55:40.974119+00
1011	1	2	66	2018-05-15 18:55:40.9794+00
1012	1	3	386	2018-05-15 18:55:40.986183+00
1013	2	1	26	2018-05-15 18:55:41.225122+00
1014	2	2	66	2018-05-15 18:55:41.229607+00
1015	2	3	361	2018-05-15 18:55:41.238681+00
1016	3	1	26	2018-05-15 18:55:41.476012+00
1017	3	2	66	2018-05-15 18:55:41.482131+00
1018	3	3	361	2018-05-15 18:55:41.490536+00
1019	4	1	26	2018-05-15 18:55:41.727918+00
1020	4	2	65	2018-05-15 18:55:41.735213+00
1021	4	3	352	2018-05-15 18:55:41.74159+00
1022	1	1	26	2018-05-15 18:55:41.977362+00
1023	1	2	66	2018-05-15 18:55:41.987662+00
1024	1	3	352	2018-05-15 18:55:41.993269+00
1025	2	1	26	2018-05-15 18:55:42.230273+00
1026	2	2	66	2018-05-15 18:55:42.235866+00
1027	2	3	329	2018-05-15 18:55:42.24338+00
1028	3	1	26	2018-05-15 18:55:42.480801+00
1029	3	2	66	2018-05-15 18:55:42.486706+00
1030	3	3	325	2018-05-15 18:55:42.493712+00
1031	4	1	27	2018-05-15 18:55:42.73228+00
1032	4	2	66	2018-05-15 18:55:42.738224+00
1033	4	3	313	2018-05-15 18:55:42.745191+00
1034	1	1	27	2018-05-15 18:55:42.982768+00
1035	1	2	66	2018-05-15 18:55:42.990528+00
1036	1	3	325	2018-05-15 18:55:42.997407+00
1037	2	1	27	2018-05-15 18:55:43.233994+00
1038	2	2	66	2018-05-15 18:55:43.251323+00
1039	2	3	302	2018-05-15 18:55:43.258597+00
1040	3	1	27	2018-05-15 18:55:43.484153+00
1041	3	2	66	2018-05-15 18:55:43.491629+00
1042	3	3	276	2018-05-15 18:55:43.499777+00
1043	4	1	27	2018-05-15 18:55:43.734917+00
1044	4	2	66	2018-05-15 18:55:43.740685+00
1045	4	3	267	2018-05-15 18:55:43.746566+00
1046	1	1	27	2018-05-15 18:55:43.984323+00
1047	1	2	66	2018-05-15 18:55:43.990231+00
1048	1	3	290	2018-05-15 18:55:43.996769+00
1049	2	1	27	2018-05-15 18:55:44.239099+00
1050	2	2	65	2018-05-15 18:55:44.248376+00
1051	2	3	260	2018-05-15 18:55:44.253519+00
1052	3	1	27	2018-05-15 18:55:44.488722+00
1053	3	2	65	2018-05-15 18:55:44.493634+00
1054	3	3	251	2018-05-15 18:55:44.500972+00
1055	4	1	27	2018-05-15 18:55:44.740266+00
1056	4	2	65	2018-05-15 18:55:44.745104+00
1057	4	3	240	2018-05-15 18:55:44.753+00
1058	1	1	27	2018-05-15 18:55:44.991659+00
1059	1	2	66	2018-05-15 18:55:44.997717+00
1060	1	3	244	2018-05-15 18:55:45.004605+00
1061	2	1	27	2018-05-15 18:55:45.242869+00
1062	2	2	66	2018-05-15 18:55:45.248681+00
1063	2	3	249	2018-05-15 18:55:45.255841+00
1064	3	1	27	2018-05-15 18:55:45.493349+00
1065	3	2	66	2018-05-15 18:55:45.499021+00
1066	3	3	231	2018-05-15 18:55:45.504773+00
1067	4	1	28	2018-05-15 18:55:45.744797+00
1068	4	2	66	2018-05-15 18:55:45.752885+00
1069	4	3	238	2018-05-15 18:55:45.769213+00
1070	1	1	28	2018-05-15 18:55:45.994665+00
1071	1	2	65	2018-05-15 18:55:45.999929+00
1072	1	3	240	2018-05-15 18:55:46.008802+00
1073	2	1	28	2018-05-15 18:55:46.246363+00
1074	2	2	66	2018-05-15 18:55:46.252927+00
1075	2	3	231	2018-05-15 18:55:46.261511+00
1076	3	1	28	2018-05-15 18:55:46.495703+00
1077	3	2	66	2018-05-15 18:55:46.501734+00
1078	3	3	217	2018-05-15 18:55:46.509147+00
1079	4	1	28	2018-05-15 18:55:46.74824+00
1080	4	2	66	2018-05-15 18:55:46.753528+00
1081	4	3	201	2018-05-15 18:55:46.759843+00
1082	1	1	28	2018-05-15 18:55:46.997967+00
1083	1	2	66	2018-05-15 18:55:47.004536+00
1084	1	3	189	2018-05-15 18:55:47.010694+00
1085	2	1	28	2018-05-15 18:55:47.250144+00
1086	2	2	65	2018-05-15 18:55:47.255831+00
1087	2	3	187	2018-05-15 18:55:47.264509+00
1088	3	1	28	2018-05-15 18:55:47.501634+00
1089	3	2	66	2018-05-15 18:55:47.508384+00
1090	3	3	183	2018-05-15 18:55:47.514978+00
1091	4	1	28	2018-05-15 18:55:47.752271+00
1092	4	2	66	2018-05-15 18:55:47.758434+00
1093	4	3	185	2018-05-15 18:55:47.763725+00
1094	1	1	28	2018-05-15 18:55:48.002447+00
1095	1	2	65	2018-05-15 18:55:48.010895+00
1096	1	3	180	2018-05-15 18:55:48.016492+00
1097	2	1	28	2018-05-15 18:55:48.254531+00
1098	2	2	66	2018-05-15 18:55:48.260799+00
1099	2	3	178	2018-05-15 18:55:48.268302+00
1100	3	1	28	2018-05-15 18:55:48.505837+00
1101	3	2	66	2018-05-15 18:55:48.511512+00
1102	3	3	176	2018-05-15 18:55:48.518345+00
1103	4	1	28	2018-05-15 18:55:48.755781+00
1104	4	2	66	2018-05-15 18:55:48.762316+00
1105	4	3	169	2018-05-15 18:55:48.769497+00
1106	1	1	29	2018-05-15 18:55:49.008158+00
1107	1	2	65	2018-05-15 18:55:49.017062+00
1108	1	3	160	2018-05-15 18:55:49.023768+00
1109	2	1	29	2018-05-15 18:55:49.259245+00
1110	2	2	65	2018-05-15 18:55:49.265303+00
1111	2	3	160	2018-05-15 18:55:49.273709+00
1112	3	1	29	2018-05-15 18:55:49.510211+00
1113	3	2	66	2018-05-15 18:55:49.514998+00
1114	3	3	144	2018-05-15 18:55:49.522737+00
1115	4	1	29	2018-05-15 18:55:49.760431+00
1116	4	2	65	2018-05-15 18:55:49.766549+00
1117	4	3	139	2018-05-15 18:55:49.773761+00
1118	1	1	29	2018-05-15 18:55:50.01268+00
1119	1	2	65	2018-05-15 18:55:50.017907+00
1120	1	3	128	2018-05-15 18:55:50.024628+00
1121	2	1	29	2018-05-15 18:55:50.262732+00
1122	2	2	66	2018-05-15 18:55:50.268579+00
1123	2	3	151	2018-05-15 18:55:50.275772+00
1124	3	1	29	2018-05-15 18:55:50.515765+00
1125	3	2	66	2018-05-15 18:55:50.521956+00
1126	3	3	144	2018-05-15 18:55:50.52926+00
1127	4	1	29	2018-05-15 18:55:50.767272+00
1128	4	2	66	2018-05-15 18:55:50.773568+00
1129	4	3	121	2018-05-15 18:55:50.782274+00
1130	1	1	29	2018-05-15 18:55:51.017123+00
1131	1	2	66	2018-05-15 18:55:51.023691+00
1132	1	3	130	2018-05-15 18:55:51.030548+00
1133	2	1	29	2018-05-15 18:55:51.268782+00
1134	2	2	66	2018-05-15 18:55:51.275377+00
1135	2	3	116	2018-05-15 18:55:51.282997+00
1136	3	1	29	2018-05-15 18:55:51.51841+00
1137	3	2	66	2018-05-15 18:55:51.524781+00
1138	3	3	107	2018-05-15 18:55:51.531651+00
1139	4	1	29	2018-05-15 18:55:51.780801+00
1140	4	2	66	2018-05-15 18:55:51.786848+00
1141	4	3	123	2018-05-15 18:55:51.794311+00
1142	1	1	29	2018-05-15 18:55:52.019984+00
1143	1	2	66	2018-05-15 18:55:52.027391+00
1144	1	3	116	2018-05-15 18:55:52.034454+00
1145	2	1	29	2018-05-15 18:55:52.272733+00
1146	2	2	65	2018-05-15 18:55:52.278475+00
1147	2	3	100	2018-05-15 18:55:52.284973+00
1148	3	1	29	2018-05-15 18:55:52.523489+00
1149	3	2	66	2018-05-15 18:55:52.529648+00
1150	3	3	89	2018-05-15 18:55:52.536401+00
1151	4	1	29	2018-05-15 18:55:52.774855+00
1152	4	2	66	2018-05-15 18:55:52.780852+00
1153	4	3	91	2018-05-15 18:55:52.786893+00
1154	1	1	29	2018-05-15 18:55:53.026151+00
1155	1	2	66	2018-05-15 18:55:53.032709+00
1156	1	3	93	2018-05-15 18:55:53.040432+00
1157	2	1	29	2018-05-15 18:55:53.279418+00
1158	2	2	66	2018-05-15 18:55:53.290659+00
1159	2	3	112	2018-05-15 18:55:53.302958+00
1160	3	1	29	2018-05-15 18:55:53.527463+00
1161	3	2	66	2018-05-15 18:55:53.533786+00
1162	3	3	98	2018-05-15 18:55:53.539547+00
1163	4	1	29	2018-05-15 18:55:53.77821+00
1164	4	2	66	2018-05-15 18:55:53.783488+00
1165	4	3	82	2018-05-15 18:55:53.791234+00
1166	1	1	29	2018-05-15 18:55:54.029224+00
1167	1	2	65	2018-05-15 18:55:54.035613+00
1168	1	3	96	2018-05-15 18:55:54.044203+00
1169	2	1	29	2018-05-15 18:55:54.278342+00
1170	2	2	66	2018-05-15 18:55:54.285262+00
1171	2	3	75	2018-05-15 18:55:54.290639+00
1172	3	1	29	2018-05-15 18:55:54.530231+00
1173	3	2	66	2018-05-15 18:55:54.535344+00
1174	3	3	84	2018-05-15 18:55:54.540832+00
1175	4	1	29	2018-05-15 18:55:54.781405+00
1176	4	2	66	2018-05-15 18:55:54.786347+00
1177	4	3	84	2018-05-15 18:55:54.793317+00
1178	1	1	29	2018-05-15 18:55:55.032207+00
1179	1	2	66	2018-05-15 18:55:55.039771+00
1180	1	3	96	2018-05-15 18:55:55.047258+00
1181	2	1	29	2018-05-15 18:55:55.282894+00
1182	2	2	65	2018-05-15 18:55:55.288925+00
1183	2	3	89	2018-05-15 18:55:55.296218+00
1184	3	1	29	2018-05-15 18:55:55.53412+00
1185	3	2	66	2018-05-15 18:55:55.542162+00
1186	3	3	100	2018-05-15 18:55:55.551524+00
1187	4	1	29	2018-05-15 18:55:55.783334+00
1188	4	2	66	2018-05-15 18:55:55.788781+00
1189	4	3	73	2018-05-15 18:55:55.794457+00
1190	1	1	29	2018-05-15 18:55:56.035605+00
1191	1	2	66	2018-05-15 18:55:56.044359+00
1192	1	3	68	2018-05-15 18:55:56.050279+00
1193	2	1	29	2018-05-15 18:55:56.284853+00
1194	2	2	65	2018-05-15 18:55:56.290058+00
1195	2	3	86	2018-05-15 18:55:56.296858+00
1196	3	1	29	2018-05-15 18:55:56.537931+00
1197	3	2	66	2018-05-15 18:55:56.543078+00
1198	3	3	70	2018-05-15 18:55:56.549628+00
1199	4	1	29	2018-05-15 18:55:56.789542+00
1200	4	2	66	2018-05-15 18:55:56.798171+00
1201	4	3	86	2018-05-15 18:55:56.810822+00
1202	1	1	29	2018-05-15 18:55:57.038498+00
1203	1	2	66	2018-05-15 18:55:57.045538+00
1204	1	3	75	2018-05-15 18:55:57.052136+00
1205	2	1	29	2018-05-15 18:55:57.303913+00
1206	2	2	66	2018-05-15 18:55:57.310474+00
1207	2	3	61	2018-05-15 18:55:57.321017+00
1208	3	1	29	2018-05-15 18:55:57.54099+00
1209	3	2	66	2018-05-15 18:55:57.546787+00
1210	3	3	93	2018-05-15 18:55:57.553378+00
1211	4	1	29	2018-05-15 18:55:57.792506+00
1212	4	2	66	2018-05-15 18:55:57.798039+00
1213	4	3	96	2018-05-15 18:55:57.804719+00
1214	1	1	29	2018-05-15 18:55:58.043252+00
1215	1	2	66	2018-05-15 18:55:58.048425+00
1216	1	3	77	2018-05-15 18:55:58.055577+00
1217	2	1	29	2018-05-15 18:55:58.293895+00
1218	2	2	65	2018-05-15 18:55:58.299055+00
1219	2	3	89	2018-05-15 18:55:58.306218+00
1220	3	1	29	2018-05-15 18:55:58.54506+00
1221	3	2	65	2018-05-15 18:55:58.552168+00
1222	3	3	100	2018-05-15 18:55:58.559274+00
1223	4	1	29	2018-05-15 18:55:58.795342+00
1224	4	2	66	2018-05-15 18:55:58.805636+00
1225	4	3	77	2018-05-15 18:55:58.818252+00
1226	1	1	29	2018-05-15 18:55:59.045693+00
1227	1	2	66	2018-05-15 18:55:59.051276+00
1228	1	3	102	2018-05-15 18:55:59.062309+00
1229	2	1	29	2018-05-15 18:55:59.298902+00
1230	2	2	66	2018-05-15 18:55:59.304661+00
1231	2	3	77	2018-05-15 18:55:59.314128+00
1232	3	1	29	2018-05-15 18:55:59.550083+00
1233	3	2	66	2018-05-15 18:55:59.561063+00
1234	3	3	73	2018-05-15 18:55:59.567807+00
1235	4	1	29	2018-05-15 18:55:59.799695+00
1236	4	2	66	2018-05-15 18:55:59.805723+00
1237	4	3	68	2018-05-15 18:55:59.812549+00
1238	1	1	29	2018-05-15 18:56:00.052987+00
1239	1	2	66	2018-05-15 18:56:00.058809+00
1240	1	3	86	2018-05-15 18:56:00.065638+00
1241	2	1	29	2018-05-15 18:56:00.302648+00
1242	2	2	66	2018-05-15 18:56:00.309191+00
1243	2	3	105	2018-05-15 18:56:00.315885+00
1244	3	1	29	2018-05-15 18:56:00.554923+00
1245	3	2	66	2018-05-15 18:56:00.56106+00
1246	3	3	109	2018-05-15 18:56:00.570984+00
1247	4	1	29	2018-05-15 18:56:00.805428+00
1248	4	2	66	2018-05-15 18:56:00.811359+00
1249	4	3	86	2018-05-15 18:56:00.822012+00
1250	1	1	29	2018-05-15 18:56:01.056625+00
1251	1	2	66	2018-05-15 18:56:01.066175+00
1252	1	3	93	2018-05-15 18:56:01.073842+00
1253	2	1	29	2018-05-15 18:56:01.305161+00
1254	2	2	66	2018-05-15 18:56:01.310033+00
1255	2	3	107	2018-05-15 18:56:01.317306+00
1256	3	1	29	2018-05-15 18:56:01.556792+00
1257	3	2	66	2018-05-15 18:56:01.563444+00
1258	3	3	86	2018-05-15 18:56:01.570571+00
1259	4	1	29	2018-05-15 18:56:01.809121+00
1260	4	2	66	2018-05-15 18:56:01.815372+00
1261	4	3	93	2018-05-15 18:56:01.82216+00
1262	1	1	29	2018-05-15 18:56:02.0584+00
1263	1	2	66	2018-05-15 18:56:02.063923+00
1264	1	3	128	2018-05-15 18:56:02.070475+00
1265	2	1	29	2018-05-15 18:56:02.309564+00
1266	2	2	66	2018-05-15 18:56:02.314458+00
1267	2	3	130	2018-05-15 18:56:02.321941+00
1268	3	1	29	2018-05-15 18:56:02.56079+00
1269	3	2	66	2018-05-15 18:56:02.572937+00
1270	3	3	116	2018-05-15 18:56:02.581791+00
1271	4	1	29	2018-05-15 18:56:02.813059+00
1272	4	2	66	2018-05-15 18:56:02.817707+00
1273	4	3	128	2018-05-15 18:56:02.82448+00
1274	1	1	29	2018-05-15 18:56:03.064087+00
1275	1	2	66	2018-05-15 18:56:03.069446+00
1276	1	3	128	2018-05-15 18:56:03.076106+00
1277	2	1	29	2018-05-15 18:56:03.314509+00
1278	2	2	66	2018-05-15 18:56:03.319393+00
1279	2	3	125	2018-05-15 18:56:03.325049+00
1280	3	1	29	2018-05-15 18:56:03.565247+00
1281	3	2	66	2018-05-15 18:56:03.570737+00
1282	3	3	121	2018-05-15 18:56:03.576603+00
1283	4	1	29	2018-05-15 18:56:03.816589+00
1284	4	2	66	2018-05-15 18:56:03.821853+00
1285	4	3	155	2018-05-15 18:56:03.830105+00
1286	1	1	29	2018-05-15 18:56:04.067215+00
1287	1	2	66	2018-05-15 18:56:04.072911+00
1288	1	3	155	2018-05-15 18:56:04.084018+00
1289	2	1	29	2018-05-15 18:56:04.316959+00
1290	2	2	66	2018-05-15 18:56:04.323274+00
1291	2	3	153	2018-05-15 18:56:04.33099+00
1292	3	1	29	2018-05-15 18:56:04.568767+00
1293	3	2	66	2018-05-15 18:56:04.574955+00
1294	3	3	157	2018-05-15 18:56:04.582101+00
1295	4	1	29	2018-05-15 18:56:04.819701+00
1296	4	2	66	2018-05-15 18:56:04.826105+00
1297	4	3	169	2018-05-15 18:56:04.834336+00
1298	1	1	28	2018-05-15 18:56:05.071033+00
1299	1	2	66	2018-05-15 18:56:05.07642+00
1300	1	3	173	2018-05-15 18:56:05.08466+00
1301	2	1	28	2018-05-15 18:56:05.320465+00
1302	2	2	66	2018-05-15 18:56:05.326128+00
1303	2	3	167	2018-05-15 18:56:05.335426+00
1304	3	1	28	2018-05-15 18:56:05.573493+00
1305	3	2	65	2018-05-15 18:56:05.580403+00
1306	3	3	148	2018-05-15 18:56:05.586999+00
1307	4	1	28	2018-05-15 18:56:05.822925+00
1308	4	2	66	2018-05-15 18:56:05.828323+00
1309	4	3	171	2018-05-15 18:56:05.835397+00
1310	1	1	28	2018-05-15 18:56:06.075624+00
1311	1	2	66	2018-05-15 18:56:06.081595+00
1312	1	3	162	2018-05-15 18:56:06.086579+00
1313	2	1	28	2018-05-15 18:56:06.32479+00
1314	2	2	66	2018-05-15 18:56:06.33268+00
1315	2	3	199	2018-05-15 18:56:06.338534+00
1316	3	1	28	2018-05-15 18:56:06.577216+00
1317	3	2	66	2018-05-15 18:56:06.583747+00
1318	3	3	201	2018-05-15 18:56:06.591612+00
1319	4	1	28	2018-05-15 18:56:06.827862+00
1320	4	2	66	2018-05-15 18:56:06.833689+00
1321	4	3	187	2018-05-15 18:56:06.839571+00
1322	1	1	28	2018-05-15 18:56:07.077474+00
1323	1	2	65	2018-05-15 18:56:07.085542+00
1324	1	3	203	2018-05-15 18:56:07.091745+00
1325	2	1	28	2018-05-15 18:56:07.328532+00
1326	2	2	66	2018-05-15 18:56:07.334521+00
1327	2	3	201	2018-05-15 18:56:07.341174+00
1328	3	1	28	2018-05-15 18:56:07.580148+00
1329	3	2	66	2018-05-15 18:56:07.585214+00
1330	3	3	219	2018-05-15 18:56:07.592553+00
1331	4	1	28	2018-05-15 18:56:07.831799+00
1332	4	2	66	2018-05-15 18:56:07.840224+00
1333	4	3	233	2018-05-15 18:56:07.848706+00
1334	1	1	28	2018-05-15 18:56:08.083001+00
1335	1	2	66	2018-05-15 18:56:08.088844+00
1336	1	3	244	2018-05-15 18:56:08.095342+00
1337	2	1	27	2018-05-15 18:56:08.33361+00
1338	2	2	66	2018-05-15 18:56:08.337801+00
1339	2	3	226	2018-05-15 18:56:08.343336+00
1340	3	1	27	2018-05-15 18:56:08.584741+00
1341	3	2	66	2018-05-15 18:56:08.59084+00
1342	3	3	238	2018-05-15 18:56:08.597473+00
1343	4	1	27	2018-05-15 18:56:08.836001+00
1344	4	2	66	2018-05-15 18:56:08.844377+00
1345	4	3	251	2018-05-15 18:56:08.851721+00
1346	1	1	27	2018-05-15 18:56:09.086699+00
1347	1	2	66	2018-05-15 18:56:09.094129+00
1348	1	3	265	2018-05-15 18:56:09.100214+00
1349	2	1	27	2018-05-15 18:56:09.337785+00
1350	2	2	66	2018-05-15 18:56:09.343601+00
1351	2	3	254	2018-05-15 18:56:09.348523+00
1352	3	1	27	2018-05-15 18:56:09.588058+00
1353	3	2	66	2018-05-15 18:56:09.594083+00
1354	3	3	251	2018-05-15 18:56:09.600747+00
1355	4	1	27	2018-05-15 18:56:09.837894+00
1356	4	2	66	2018-05-15 18:56:09.84447+00
1357	4	3	279	2018-05-15 18:56:09.849681+00
1358	1	1	27	2018-05-15 18:56:10.091465+00
1359	1	2	66	2018-05-15 18:56:10.097657+00
1360	1	3	290	2018-05-15 18:56:10.103564+00
1361	2	1	27	2018-05-15 18:56:10.340775+00
1362	2	2	66	2018-05-15 18:56:10.354456+00
1363	2	3	302	2018-05-15 18:56:10.360377+00
1364	3	1	27	2018-05-15 18:56:10.591576+00
1365	3	2	66	2018-05-15 18:56:10.598624+00
1366	3	3	290	2018-05-15 18:56:10.603819+00
1367	4	1	27	2018-05-15 18:56:10.842529+00
1368	4	2	66	2018-05-15 18:56:10.848636+00
1369	4	3	292	2018-05-15 18:56:10.853687+00
1370	1	1	27	2018-05-15 18:56:11.092385+00
1371	1	2	66	2018-05-15 18:56:11.09947+00
1372	1	3	334	2018-05-15 18:56:11.119741+00
1373	2	1	26	2018-05-15 18:56:11.342252+00
1374	2	2	66	2018-05-15 18:56:11.347513+00
1375	2	3	331	2018-05-15 18:56:11.35447+00
1376	3	1	26	2018-05-15 18:56:11.594646+00
1377	3	2	66	2018-05-15 18:56:11.613063+00
1378	3	3	352	2018-05-15 18:56:11.618414+00
1379	4	1	26	2018-05-15 18:56:11.845231+00
1380	4	2	65	2018-05-15 18:56:11.856245+00
1381	4	3	322	2018-05-15 18:56:11.864536+00
1382	1	1	26	2018-05-15 18:56:12.095987+00
1383	1	2	66	2018-05-15 18:56:12.102007+00
1384	1	3	347	2018-05-15 18:56:12.10778+00
1385	2	1	26	2018-05-15 18:56:12.347526+00
1386	2	2	65	2018-05-15 18:56:12.353917+00
1387	2	3	361	2018-05-15 18:56:12.362406+00
1388	3	1	26	2018-05-15 18:56:12.598362+00
1389	3	2	65	2018-05-15 18:56:12.603519+00
1390	3	3	359	2018-05-15 18:56:12.60972+00
1391	4	1	26	2018-05-15 18:56:12.849324+00
1392	4	2	66	2018-05-15 18:56:12.85543+00
1393	4	3	370	2018-05-15 18:56:12.862195+00
1394	1	1	26	2018-05-15 18:56:13.100901+00
1395	1	2	66	2018-05-15 18:56:13.110587+00
1396	1	3	391	2018-05-15 18:56:13.116495+00
1397	2	1	26	2018-05-15 18:56:13.352515+00
1398	2	2	66	2018-05-15 18:56:13.358404+00
1399	2	3	398	2018-05-15 18:56:13.364721+00
1400	3	1	25	2018-05-15 18:56:13.603693+00
1401	3	2	3	2018-05-15 18:56:13.60946+00
1402	3	3	421	2018-05-15 18:56:13.615836+00
1403	4	1	25	2018-05-15 18:56:13.855023+00
1404	4	2	3	2018-05-15 18:56:13.86168+00
1405	4	3	425	2018-05-15 18:56:13.868403+00
1406	1	1	25	2018-05-15 18:56:14.105458+00
1407	1	2	3	2018-05-15 18:56:14.112065+00
1408	1	3	444	2018-05-15 18:56:14.11788+00
1409	2	1	25	2018-05-15 18:56:14.356676+00
1410	2	2	3	2018-05-15 18:56:14.361901+00
1411	2	3	428	2018-05-15 18:56:14.368863+00
1412	3	1	25	2018-05-15 18:56:14.606331+00
1413	3	2	3	2018-05-15 18:56:14.611798+00
1414	3	3	430	2018-05-15 18:56:14.619023+00
1415	4	1	25	2018-05-15 18:56:14.85732+00
1416	4	2	3	2018-05-15 18:56:14.862975+00
1417	4	3	471	2018-05-15 18:56:14.869731+00
1418	1	1	25	2018-05-15 18:56:15.108414+00
1419	1	2	3	2018-05-15 18:56:15.114033+00
1420	1	3	457	2018-05-15 18:56:15.12127+00
1421	2	1	25	2018-05-15 18:56:15.360243+00
1422	2	2	3	2018-05-15 18:56:15.366405+00
1423	2	3	455	2018-05-15 18:56:15.372071+00
1424	3	1	24	2018-05-15 18:56:15.611967+00
1425	3	2	3	2018-05-15 18:56:15.623526+00
1426	3	3	473	2018-05-15 18:56:15.627988+00
1427	4	1	24	2018-05-15 18:56:15.86262+00
1428	4	2	4	2018-05-15 18:56:15.868212+00
1429	4	3	489	2018-05-15 18:56:15.874332+00
1430	1	1	24	2018-05-15 18:56:16.114656+00
1431	1	2	3	2018-05-15 18:56:16.121675+00
1432	1	3	508	2018-05-15 18:56:16.127787+00
1433	2	1	24	2018-05-15 18:56:16.362999+00
1434	2	2	3	2018-05-15 18:56:16.369346+00
1435	2	3	498	2018-05-15 18:56:16.375869+00
1436	3	1	24	2018-05-15 18:56:16.615155+00
1437	3	2	3	2018-05-15 18:56:16.620142+00
1438	3	3	528	2018-05-15 18:56:16.629148+00
1439	4	1	24	2018-05-15 18:56:16.86479+00
1440	4	2	3	2018-05-15 18:56:16.870626+00
1441	4	3	558	2018-05-15 18:56:16.877151+00
1442	1	1	24	2018-05-15 18:56:17.117585+00
1443	1	2	3	2018-05-15 18:56:17.125654+00
1444	1	3	533	2018-05-15 18:56:17.130238+00
1445	2	1	24	2018-05-15 18:56:17.368604+00
1446	2	2	4	2018-05-15 18:56:17.373661+00
1447	2	3	565	2018-05-15 18:56:17.382445+00
1448	3	1	23	2018-05-15 18:56:17.619201+00
1449	3	2	3	2018-05-15 18:56:17.624462+00
1450	3	3	595	2018-05-15 18:56:17.631116+00
1451	4	1	23	2018-05-15 18:56:17.870117+00
1452	4	2	3	2018-05-15 18:56:17.876955+00
1453	4	3	581	2018-05-15 18:56:17.88422+00
1454	1	1	23	2018-05-15 18:56:18.192892+00
1455	1	2	3	2018-05-15 18:56:18.198187+00
1456	1	3	608	2018-05-15 18:56:18.205556+00
1457	2	1	23	2018-05-15 18:56:18.37105+00
1458	2	2	4	2018-05-15 18:56:18.378707+00
1459	2	3	599	2018-05-15 18:56:18.384509+00
1460	3	1	23	2018-05-15 18:56:18.624145+00
1461	3	2	3	2018-05-15 18:56:18.63126+00
1462	3	3	636	2018-05-15 18:56:18.636649+00
1463	4	1	23	2018-05-15 18:56:18.874522+00
1464	4	2	3	2018-05-15 18:56:18.911087+00
1465	4	3	652	2018-05-15 18:56:18.91698+00
1466	1	1	22	2018-05-15 18:56:19.124151+00
1467	1	2	3	2018-05-15 18:56:19.138324+00
1468	1	3	638	2018-05-15 18:56:19.144348+00
1469	2	1	22	2018-05-15 18:56:19.374476+00
1470	2	2	4	2018-05-15 18:56:19.380312+00
1471	2	3	679	2018-05-15 18:56:19.385955+00
1472	3	1	22	2018-05-15 18:56:19.626757+00
1473	3	2	3	2018-05-15 18:56:19.63495+00
1474	3	3	659	2018-05-15 18:56:19.641214+00
1475	4	1	22	2018-05-15 18:56:19.877392+00
1476	4	2	3	2018-05-15 18:56:19.882497+00
1477	4	3	672	2018-05-15 18:56:19.889733+00
1478	1	1	22	2018-05-15 18:56:20.130063+00
1479	1	2	3	2018-05-15 18:56:20.135866+00
1480	1	3	709	2018-05-15 18:56:20.142301+00
1481	2	1	22	2018-05-15 18:56:20.38067+00
1482	2	2	3	2018-05-15 18:56:20.386749+00
1483	2	3	723	2018-05-15 18:56:20.392947+00
1484	3	1	21	2018-05-15 18:56:20.632223+00
1485	3	2	4	2018-05-15 18:56:20.639856+00
1486	3	3	732	2018-05-15 18:56:20.648523+00
1487	4	1	21	2018-05-15 18:56:20.883022+00
1488	4	2	3	2018-05-15 18:56:20.889563+00
1489	4	3	727	2018-05-15 18:56:20.896391+00
1490	1	1	21	2018-05-15 18:56:21.134374+00
1491	1	2	3	2018-05-15 18:56:21.140419+00
1492	1	3	736	2018-05-15 18:56:21.14603+00
1493	2	1	21	2018-05-15 18:56:21.384839+00
1494	2	2	3	2018-05-15 18:56:21.389985+00
1495	2	3	775	2018-05-15 18:56:21.397499+00
1496	3	1	21	2018-05-15 18:56:21.636401+00
1497	3	2	3	2018-05-15 18:56:21.644073+00
1498	3	3	757	2018-05-15 18:56:21.65128+00
1499	4	1	21	2018-05-15 18:56:21.887069+00
1500	4	2	4	2018-05-15 18:56:21.892949+00
1501	4	3	807	2018-05-15 18:56:21.900056+00
1502	1	1	20	2018-05-15 18:56:22.136688+00
1503	1	2	3	2018-05-15 18:56:22.14302+00
1504	1	3	803	2018-05-15 18:56:22.150033+00
1505	2	1	20	2018-05-15 18:56:22.389608+00
1506	2	2	4	2018-05-15 18:56:22.39501+00
1507	2	3	810	2018-05-15 18:56:22.401701+00
1508	3	1	20	2018-05-15 18:56:22.640602+00
1509	3	2	3	2018-05-15 18:56:22.647128+00
1510	3	3	812	2018-05-15 18:56:22.652307+00
1511	4	1	20	2018-05-15 18:56:22.891773+00
1512	4	2	3	2018-05-15 18:56:22.899791+00
1513	4	3	856	2018-05-15 18:56:22.910712+00
1514	1	1	20	2018-05-15 18:56:23.142338+00
1515	1	2	3	2018-05-15 18:56:23.148452+00
1516	1	3	874	2018-05-15 18:56:23.156694+00
1517	2	1	20	2018-05-15 18:56:23.393538+00
1518	2	2	3	2018-05-15 18:56:23.39859+00
1519	2	3	885	2018-05-15 18:56:23.408106+00
1520	3	1	20	2018-05-15 18:56:23.644438+00
1521	3	2	3	2018-05-15 18:56:23.650332+00
1522	3	3	883	2018-05-15 18:56:23.656724+00
1523	4	1	19	2018-05-15 18:56:23.896941+00
1524	4	2	3	2018-05-15 18:56:23.903326+00
1525	4	3	901	2018-05-15 18:56:23.910385+00
1526	1	1	19	2018-05-15 18:56:24.147983+00
1527	1	2	3	2018-05-15 18:56:24.155086+00
1528	1	3	904	2018-05-15 18:56:24.160368+00
1529	2	1	19	2018-05-15 18:56:24.399211+00
1530	2	2	4	2018-05-15 18:56:24.405063+00
1531	2	3	913	2018-05-15 18:56:24.413407+00
1532	3	1	19	2018-05-15 18:56:24.649923+00
1533	3	2	3	2018-05-15 18:56:24.655665+00
1534	3	3	949	2018-05-15 18:56:24.665153+00
1535	4	1	19	2018-05-15 18:56:24.901306+00
1536	4	2	3	2018-05-15 18:56:24.907228+00
1537	4	3	972	2018-05-15 18:56:24.914152+00
1538	1	1	18	2018-05-15 18:56:25.151615+00
1539	1	2	3	2018-05-15 18:56:25.160366+00
1540	1	3	991	2018-05-15 18:56:25.167789+00
1541	2	1	18	2018-05-15 18:56:25.402525+00
1542	2	2	3	2018-05-15 18:56:25.407718+00
1543	2	3	977	2018-05-15 18:56:25.415254+00
1544	3	1	18	2018-05-15 18:56:25.65336+00
1545	3	2	4	2018-05-15 18:56:25.658498+00
1546	3	3	1016	2018-05-15 18:56:25.693185+00
1547	4	1	18	2018-05-15 18:56:25.902805+00
1548	4	2	4	2018-05-15 18:56:25.907743+00
1549	4	3	1002	2018-05-15 18:56:25.914139+00
1550	1	1	18	2018-05-15 18:56:26.154567+00
1551	1	2	3	2018-05-15 18:56:26.159028+00
1552	1	3	1041	2018-05-15 18:56:26.16531+00
1553	2	1	17	2018-05-15 18:56:26.404398+00
1554	2	2	4	2018-05-15 18:56:26.409594+00
1555	2	3	1055	2018-05-15 18:56:26.417133+00
1556	3	1	17	2018-05-15 18:56:26.656593+00
1557	3	2	3	2018-05-15 18:56:26.664894+00
1558	3	3	1064	2018-05-15 18:56:26.675491+00
1559	4	1	17	2018-05-15 18:56:26.907507+00
1560	4	2	3	2018-05-15 18:56:26.914482+00
1561	4	3	1071	2018-05-15 18:56:26.920523+00
1562	1	1	17	2018-05-15 18:56:27.158959+00
1563	1	2	3	2018-05-15 18:56:27.165418+00
1564	1	3	1080	2018-05-15 18:56:27.170474+00
1565	2	1	17	2018-05-15 18:56:27.40998+00
1566	2	2	4	2018-05-15 18:56:27.416224+00
1567	2	3	1094	2018-05-15 18:56:27.422222+00
1568	3	1	17	2018-05-15 18:56:27.660281+00
1569	3	2	3	2018-05-15 18:56:27.667298+00
1570	3	3	1130	2018-05-15 18:56:27.673546+00
1571	4	1	16	2018-05-15 18:56:27.912891+00
1572	4	2	3	2018-05-15 18:56:27.919246+00
1573	4	3	1153	2018-05-15 18:56:27.927607+00
1574	1	1	16	2018-05-15 18:56:28.162335+00
1575	1	2	3	2018-05-15 18:56:28.169051+00
1576	1	3	1162	2018-05-15 18:56:28.176401+00
1577	2	1	16	2018-05-15 18:56:28.415159+00
1578	2	2	3	2018-05-15 18:56:28.421123+00
1579	2	3	1190	2018-05-15 18:56:28.429691+00
1580	3	1	16	2018-05-15 18:56:28.66637+00
1581	3	2	3	2018-05-15 18:56:28.672187+00
1582	3	3	1174	2018-05-15 18:56:28.683763+00
1583	4	1	16	2018-05-15 18:56:28.916694+00
1584	4	2	3	2018-05-15 18:56:28.922367+00
1585	4	3	1217	2018-05-15 18:56:28.930494+00
1586	1	1	15	2018-05-15 18:56:29.167359+00
1587	1	2	3	2018-05-15 18:56:29.172659+00
1588	1	3	1238	2018-05-15 18:56:29.177788+00
1589	2	1	15	2018-05-15 18:56:29.418861+00
1590	2	2	3	2018-05-15 18:56:29.426558+00
1591	2	3	1247	2018-05-15 18:56:29.433582+00
1592	3	1	15	2018-05-15 18:56:29.668216+00
1593	3	2	3	2018-05-15 18:56:29.675425+00
1594	3	3	1263	2018-05-15 18:56:29.682993+00
1595	4	1	15	2018-05-15 18:56:29.921699+00
1596	4	2	3	2018-05-15 18:56:29.927366+00
1597	4	3	1284	2018-05-15 18:56:29.935816+00
1598	1	1	15	2018-05-15 18:56:30.171917+00
1599	1	2	3	2018-05-15 18:56:30.203625+00
1600	1	3	1270	2018-05-15 18:56:30.208397+00
1601	2	1	14	2018-05-15 18:56:30.422111+00
1602	2	2	4	2018-05-15 18:56:30.427154+00
1603	2	3	1290	2018-05-15 18:56:30.433949+00
1604	3	1	14	2018-05-15 18:56:30.673516+00
1605	3	2	3	2018-05-15 18:56:30.679831+00
1606	3	3	1313	2018-05-15 18:56:30.69608+00
1607	4	1	14	2018-05-15 18:56:30.924635+00
1608	4	2	3	2018-05-15 18:56:30.929765+00
1609	4	3	1341	2018-05-15 18:56:30.935974+00
1610	1	1	14	2018-05-15 18:56:31.175492+00
1611	1	2	3	2018-05-15 18:56:31.183204+00
1612	1	3	1375	2018-05-15 18:56:31.189433+00
1613	2	1	14	2018-05-15 18:56:31.425527+00
1614	2	2	3	2018-05-15 18:56:31.432093+00
1615	2	3	1359	2018-05-15 18:56:31.441003+00
1616	3	1	13	2018-05-15 18:56:31.680192+00
1617	3	2	3	2018-05-15 18:56:31.686175+00
1618	3	3	1382	2018-05-15 18:56:31.693028+00
1619	4	1	13	2018-05-15 18:56:31.927206+00
1620	4	2	3	2018-05-15 18:56:31.933878+00
1621	4	3	1405	2018-05-15 18:56:31.939591+00
1622	1	1	13	2018-05-15 18:56:32.178334+00
1623	1	2	3	2018-05-15 18:56:32.184289+00
1624	1	3	1444	2018-05-15 18:56:32.197309+00
1625	2	1	13	2018-05-15 18:56:32.429142+00
1626	2	2	3	2018-05-15 18:56:32.434745+00
1627	2	3	1435	2018-05-15 18:56:32.441358+00
1628	3	1	12	2018-05-15 18:56:32.681736+00
1629	3	2	3	2018-05-15 18:56:32.688099+00
1630	3	3	1464	2018-05-15 18:56:32.694845+00
1631	4	1	12	2018-05-15 18:56:32.932689+00
1632	4	2	3	2018-05-15 18:56:32.93866+00
1633	4	3	1471	2018-05-15 18:56:32.945132+00
1634	1	1	12	2018-05-15 18:56:33.18189+00
1635	1	2	3	2018-05-15 18:56:33.188474+00
1636	1	3	1494	2018-05-15 18:56:33.196102+00
1637	2	1	12	2018-05-15 18:56:33.436093+00
1638	2	2	3	2018-05-15 18:56:33.444425+00
1639	2	3	1501	2018-05-15 18:56:33.449571+00
1640	3	1	12	2018-05-15 18:56:33.686897+00
1641	3	2	3	2018-05-15 18:56:33.693648+00
1642	3	3	1510	2018-05-15 18:56:33.700736+00
1643	4	1	11	2018-05-15 18:56:33.938201+00
1644	4	2	3	2018-05-15 18:56:33.944769+00
1645	4	3	1565	2018-05-15 18:56:33.953268+00
1646	1	1	11	2018-05-15 18:56:34.189351+00
1647	1	2	3	2018-05-15 18:56:34.194764+00
1648	1	3	1574	2018-05-15 18:56:34.201073+00
1649	2	1	11	2018-05-15 18:56:34.440481+00
1650	2	2	3	2018-05-15 18:56:34.447357+00
1651	2	3	1602	2018-05-15 18:56:34.457009+00
1652	3	1	11	2018-05-15 18:56:34.691028+00
1653	3	2	4	2018-05-15 18:56:34.702152+00
1654	3	3	1595	2018-05-15 18:56:34.707501+00
1655	4	1	11	2018-05-15 18:56:34.942896+00
1656	4	2	3	2018-05-15 18:56:34.948538+00
1657	4	3	1634	2018-05-15 18:56:34.959084+00
1658	1	1	10	2018-05-15 18:56:35.194306+00
1659	1	2	3	2018-05-15 18:56:35.201226+00
1660	1	3	1631	2018-05-15 18:56:35.208959+00
1661	2	1	10	2018-05-15 18:56:35.445671+00
1662	2	2	3	2018-05-15 18:56:35.452246+00
1663	2	3	1670	2018-05-15 18:56:35.465577+00
1664	3	1	10	2018-05-15 18:56:35.696489+00
1665	3	2	3	2018-05-15 18:56:35.702709+00
1666	3	3	1663	2018-05-15 18:56:35.746798+00
1667	4	1	10	2018-05-15 18:56:35.947526+00
1668	4	2	3	2018-05-15 18:56:35.952975+00
1669	4	3	1677	2018-05-15 18:56:35.960359+00
1670	1	1	10	2018-05-15 18:56:36.197622+00
1671	1	2	3	2018-05-15 18:56:36.205067+00
1672	1	3	1709	2018-05-15 18:56:36.210885+00
1673	2	1	9	2018-05-15 18:56:36.447692+00
1674	2	2	4	2018-05-15 18:56:36.45373+00
1675	2	3	1718	2018-05-15 18:56:36.461888+00
1676	3	1	9	2018-05-15 18:56:36.701856+00
1677	3	2	3	2018-05-15 18:56:36.708245+00
1678	3	3	1757	2018-05-15 18:56:36.720773+00
1679	4	1	9	2018-05-15 18:56:36.950759+00
1680	4	2	4	2018-05-15 18:56:36.956648+00
1681	4	3	1750	2018-05-15 18:56:36.962907+00
1682	1	1	9	2018-05-15 18:56:37.20349+00
1683	1	2	3	2018-05-15 18:56:37.214314+00
1684	1	3	1771	2018-05-15 18:56:37.219556+00
1685	2	1	8	2018-05-15 18:56:37.453805+00
1686	2	2	3	2018-05-15 18:56:37.461622+00
1687	2	3	1789	2018-05-15 18:56:37.469509+00
1688	3	1	8	2018-05-15 18:56:37.70501+00
1689	3	2	3	2018-05-15 18:56:37.710793+00
1690	3	3	1828	2018-05-15 18:56:37.718643+00
1691	4	1	8	2018-05-15 18:56:37.956345+00
1692	4	2	3	2018-05-15 18:56:37.962342+00
1693	4	3	1853	2018-05-15 18:56:37.970068+00
1694	1	1	8	2018-05-15 18:56:38.207564+00
1695	1	2	3	2018-05-15 18:56:38.215189+00
1696	1	3	1858	2018-05-15 18:56:38.222498+00
1697	2	1	8	2018-05-15 18:56:38.457888+00
1698	2	2	3	2018-05-15 18:56:38.463148+00
1699	2	3	1863	2018-05-15 18:56:38.46943+00
1700	3	1	7	2018-05-15 18:56:38.70841+00
1701	3	2	3	2018-05-15 18:56:38.715402+00
1702	3	3	1874	2018-05-15 18:56:38.722867+00
1703	4	1	7	2018-05-15 18:56:38.959841+00
1704	4	2	3	2018-05-15 18:56:38.965196+00
1705	4	3	1918	2018-05-15 18:56:38.971739+00
1706	1	1	7	2018-05-15 18:56:39.210814+00
1707	1	2	3	2018-05-15 18:56:39.217599+00
1708	1	3	1908	2018-05-15 18:56:39.229688+00
1709	2	1	6	2018-05-15 18:56:39.461678+00
1710	2	2	4	2018-05-15 18:56:39.467373+00
1711	2	3	1931	2018-05-15 18:56:39.473785+00
1712	3	1	6	2018-05-15 18:56:39.711233+00
1713	3	2	3	2018-05-15 18:56:39.717711+00
1714	3	3	1979	2018-05-15 18:56:39.733142+00
1715	4	1	6	2018-05-15 18:56:39.964122+00
1716	4	2	3	2018-05-15 18:56:39.97021+00
1717	4	3	2000	2018-05-15 18:56:39.976056+00
1718	1	1	6	2018-05-15 18:56:40.215377+00
1719	1	2	3	2018-05-15 18:56:40.221568+00
1720	1	3	2007	2018-05-15 18:56:40.228201+00
1721	2	1	6	2018-05-15 18:56:40.466499+00
1722	2	2	3	2018-05-15 18:56:40.472381+00
1723	2	3	2037	2018-05-15 18:56:40.47809+00
1724	3	1	5	2018-05-15 18:56:40.717551+00
1725	3	2	3	2018-05-15 18:56:40.722195+00
1726	3	3	2048	2018-05-15 18:56:40.7288+00
1727	4	1	5	2018-05-15 18:56:40.969396+00
1728	4	2	3	2018-05-15 18:56:40.975629+00
1729	4	3	2069	2018-05-15 18:56:40.982576+00
1730	1	1	5	2018-05-15 18:56:41.220051+00
1731	1	2	3	2018-05-15 18:56:41.224927+00
1732	1	3	2069	2018-05-15 18:56:41.231124+00
1733	2	1	5	2018-05-15 18:56:41.470037+00
1734	2	2	4	2018-05-15 18:56:41.474942+00
1735	2	3	2096	2018-05-15 18:56:41.483124+00
1736	3	1	5	2018-05-15 18:56:41.723056+00
1737	3	2	3	2018-05-15 18:56:41.728288+00
1738	3	3	2128	2018-05-15 18:56:41.734554+00
1739	4	1	4	2018-05-15 18:56:41.972723+00
1740	4	2	4	2018-05-15 18:56:41.978396+00
1741	4	3	2144	2018-05-15 18:56:41.986303+00
1742	1	1	4	2018-05-15 18:56:42.227163+00
1743	1	2	4	2018-05-15 18:56:42.233665+00
1744	1	3	2135	2018-05-15 18:56:42.244758+00
1745	2	1	4	2018-05-15 18:56:42.476563+00
1746	2	2	3	2018-05-15 18:56:42.483754+00
1747	2	3	2172	2018-05-15 18:56:42.491774+00
1748	3	1	4	2018-05-15 18:56:42.72637+00
1749	3	2	3	2018-05-15 18:56:42.733741+00
1750	3	3	2190	2018-05-15 18:56:42.740396+00
1751	4	1	3	2018-05-15 18:56:42.979372+00
1752	4	2	4	2018-05-15 18:56:42.986611+00
1753	4	3	2220	2018-05-15 18:56:42.99312+00
1754	1	1	3	2018-05-15 18:56:43.229773+00
1755	1	2	3	2018-05-15 18:56:43.237254+00
1756	1	3	2231	2018-05-15 18:56:43.244544+00
1757	2	1	3	2018-05-15 18:56:43.480853+00
1758	2	2	4	2018-05-15 18:56:43.487242+00
1759	2	3	2240	2018-05-15 18:56:43.49329+00
1760	3	1	3	2018-05-15 18:56:43.731622+00
1761	3	2	3	2018-05-15 18:56:43.737278+00
1762	3	3	2265	2018-05-15 18:56:43.745402+00
1763	4	1	2	2018-05-15 18:56:43.982105+00
1764	4	2	4	2018-05-15 18:56:43.987048+00
1765	4	3	2272	2018-05-15 18:56:43.994987+00
1766	1	1	2	2018-05-15 18:56:44.234299+00
1767	1	2	4	2018-05-15 18:56:44.240095+00
1768	1	3	2288	2018-05-15 18:56:44.247066+00
1769	2	1	2	2018-05-15 18:56:44.483285+00
1770	2	2	3	2018-05-15 18:56:44.488561+00
1771	2	3	2313	2018-05-15 18:56:44.493448+00
1772	3	1	2	2018-05-15 18:56:44.734226+00
1773	3	2	4	2018-05-15 18:56:44.739236+00
1774	3	3	2343	2018-05-15 18:56:44.745915+00
1775	4	1	1	2018-05-15 18:56:44.986523+00
1776	4	2	3	2018-05-15 18:56:44.993305+00
1777	4	3	2366	2018-05-15 18:56:44.998978+00
1778	1	1	1	2018-05-15 18:56:45.238317+00
1779	1	2	3	2018-05-15 18:56:45.244289+00
1780	1	3	2368	2018-05-15 18:56:45.253854+00
1781	2	1	1	2018-05-15 18:56:45.490131+00
1782	2	2	4	2018-05-15 18:56:45.496326+00
1783	2	3	2403	2018-05-15 18:56:45.50715+00
1784	3	1	1	2018-05-15 18:56:45.740566+00
1785	3	2	3	2018-05-15 18:56:45.782591+00
1786	3	3	2405	2018-05-15 18:56:45.795665+00
1787	4	1	0	2018-05-15 18:56:45.992522+00
1788	4	2	3	2018-05-15 18:56:45.999493+00
1789	4	3	2451	2018-05-15 18:56:46.005254+00
1790	1	1	0	2018-05-15 18:56:46.243727+00
1791	1	2	3	2018-05-15 18:56:46.251753+00
1792	1	3	2446	2018-05-15 18:56:46.256706+00
1793	2	1	0	2018-05-15 18:56:46.493201+00
1794	2	2	3	2018-05-15 18:56:46.499371+00
1795	2	3	2499	2018-05-15 18:56:46.505978+00
1796	3	1	0	2018-05-15 18:56:46.745117+00
1797	3	2	3	2018-05-15 18:56:46.750079+00
1798	3	3	2478	2018-05-15 18:56:46.755616+00
1799	4	1	0	2018-05-15 18:56:46.995802+00
1800	4	2	66	2018-05-15 18:56:47.002118+00
1801	4	3	2513	2018-05-15 18:56:47.008176+00
\.


--
-- Name: measurements_measurementid_seq; Type: SEQUENCE SET; Schema: HAS; Owner: sinfdoc
--

SELECT pg_catalog.setval('measurements_measurementid_seq', 1801, true);


--
-- Data for Name: room; Type: TABLE DATA; Schema: HAS; Owner: sinfdoc
--

COPY room (roomid, name, dimensions) FROM stdin;
1	Bedroom	15
2	Living Room	30
3	Kitchen	15
4	WC	10
\.


--
-- Data for Name: room_actuator; Type: TABLE DATA; Schema: HAS; Owner: sinfdoc
--

COPY room_actuator (raid, actuatorid, roomid, current_state) FROM stdin;
2	2	1	OFF
1	1	1	ON
4	2	2	OFF
3	1	2	ON
5	4	3	ON
7	2	4	OFF
6	1	4	ON
8	3	4	ON
\.


--
-- Name: room_actuator_raid_seq; Type: SEQUENCE SET; Schema: HAS; Owner: sinfdoc
--

SELECT pg_catalog.setval('room_actuator_raid_seq', 8, true);


--
-- Name: room_roomid_seq; Type: SEQUENCE SET; Schema: HAS; Owner: sinfdoc
--

SELECT pg_catalog.setval('room_roomid_seq', 4, true);


--
-- Data for Name: rules; Type: TABLE DATA; Schema: HAS; Owner: sinfdoc
--

COPY rules (ruleid, value, action, moteid, sensor, actuatorid) FROM stdin;
2	25	on	1	1	2
3	5	on	1	1	1
4	20	on	2	1	2
5	10	on	2	1	1
6	500	on	3	3	4
7	25	on	4	1	2
8	15	on	4	1	1
9	50	on	4	2	3
\.


--
-- Name: rules_ruleid_seq; Type: SEQUENCE SET; Schema: HAS; Owner: sinfdoc
--

SELECT pg_catalog.setval('rules_ruleid_seq', 9, true);


--
-- Data for Name: sensors; Type: TABLE DATA; Schema: HAS; Owner: sinfdoc
--

COPY sensors (moteid, sensor, roomid) FROM stdin;
1	1	1
1	2	1
1	3	1
2	1	2
2	2	2
2	3	2
3	1	3
3	2	3
3	3	3
4	1	4
4	2	4
4	3	4
\.


--
-- Data for Name: state; Type: TABLE DATA; Schema: HAS; Owner: sinfdoc
--

COPY state (stateid, state, "timestamp", raid) FROM stdin;
581	OFF	2018-05-15 18:55:07.142529+00	4
582	ON	2018-05-15 18:55:07.161817+00	3
583	ON	2018-05-15 18:55:07.3589+00	5
584	OFF	2018-05-15 18:55:07.60878+00	7
585	ON	2018-05-15 18:55:07.633801+00	6
586	OFF	2018-05-15 18:55:07.647425+00	8
587	OFF	2018-05-15 18:55:07.859705+00	2
588	ON	2018-05-15 18:55:07.878835+00	1
589	OFF	2018-05-15 18:55:08.129871+00	4
590	ON	2018-05-15 18:55:08.147859+00	3
591	ON	2018-05-15 18:55:08.366845+00	5
592	OFF	2018-05-15 18:55:08.614624+00	7
593	ON	2018-05-15 18:55:08.632736+00	6
594	OFF	2018-05-15 18:55:08.652901+00	8
595	OFF	2018-05-15 18:55:08.865187+00	2
596	ON	2018-05-15 18:55:08.881054+00	1
597	OFF	2018-05-15 18:55:09.623352+00	4
598	ON	2018-05-15 18:55:09.646228+00	3
599	ON	2018-05-15 18:55:09.69547+00	5
600	OFF	2018-05-15 18:55:09.724931+00	7
601	ON	2018-05-15 18:55:09.739953+00	6
602	OFF	2018-05-15 18:55:09.753991+00	8
603	OFF	2018-05-15 18:55:09.866854+00	2
604	ON	2018-05-15 18:55:09.881728+00	1
605	OFF	2018-05-15 18:55:10.119544+00	4
606	ON	2018-05-15 18:55:10.135586+00	3
607	ON	2018-05-15 18:55:10.413996+00	5
608	OFF	2018-05-15 18:55:10.626032+00	7
609	ON	2018-05-15 18:55:10.638768+00	6
610	OFF	2018-05-15 18:55:10.652758+00	8
611	OFF	2018-05-15 18:55:10.868661+00	2
612	ON	2018-05-15 18:55:10.887122+00	1
613	OFF	2018-05-15 18:55:11.122954+00	4
614	ON	2018-05-15 18:55:11.141937+00	3
615	ON	2018-05-15 18:55:11.36972+00	5
616	OFF	2018-05-15 18:55:11.620423+00	7
617	ON	2018-05-15 18:55:11.635282+00	6
618	OFF	2018-05-15 18:55:11.650072+00	8
619	OFF	2018-05-15 18:55:11.871345+00	2
620	ON	2018-05-15 18:55:11.88971+00	1
621	OFF	2018-05-15 18:55:12.119287+00	4
622	ON	2018-05-15 18:55:12.136362+00	3
623	ON	2018-05-15 18:55:12.37434+00	5
624	OFF	2018-05-15 18:55:12.628873+00	7
625	ON	2018-05-15 18:55:12.646063+00	6
626	OFF	2018-05-15 18:55:12.660943+00	8
627	OFF	2018-05-15 18:55:12.875785+00	2
628	OFF	2018-05-15 18:55:12.896467+00	1
629	OFF	2018-05-15 18:55:13.121768+00	4
630	ON	2018-05-15 18:55:13.135634+00	3
631	ON	2018-05-15 18:55:13.379378+00	5
632	OFF	2018-05-15 18:55:13.626233+00	7
633	ON	2018-05-15 18:55:13.639688+00	6
634	OFF	2018-05-15 18:55:13.658014+00	8
635	OFF	2018-05-15 18:55:13.879427+00	2
636	OFF	2018-05-15 18:55:13.897502+00	1
637	OFF	2018-05-15 18:55:14.1348+00	4
638	ON	2018-05-15 18:55:14.148943+00	3
639	ON	2018-05-15 18:55:14.382021+00	5
640	OFF	2018-05-15 18:55:14.62975+00	7
641	ON	2018-05-15 18:55:14.644673+00	6
642	OFF	2018-05-15 18:55:14.658485+00	8
643	OFF	2018-05-15 18:55:14.880948+00	2
644	OFF	2018-05-15 18:55:14.895586+00	1
645	OFF	2018-05-15 18:55:15.133228+00	4
646	ON	2018-05-15 18:55:15.15673+00	3
647	ON	2018-05-15 18:55:15.388447+00	5
648	OFF	2018-05-15 18:55:15.663809+00	7
649	ON	2018-05-15 18:55:15.683303+00	6
650	OFF	2018-05-15 18:55:15.703698+00	8
651	OFF	2018-05-15 18:55:15.889033+00	2
652	OFF	2018-05-15 18:55:15.913591+00	1
653	OFF	2018-05-15 18:55:16.138103+00	4
654	ON	2018-05-15 18:55:16.157848+00	3
655	ON	2018-05-15 18:55:16.390426+00	5
656	OFF	2018-05-15 18:55:16.64097+00	7
657	ON	2018-05-15 18:55:16.655893+00	6
658	OFF	2018-05-15 18:55:16.919136+00	8
659	OFF	2018-05-15 18:55:16.988079+00	2
660	OFF	2018-05-15 18:55:17.001947+00	1
661	OFF	2018-05-15 18:55:17.151934+00	4
662	ON	2018-05-15 18:55:17.172212+00	3
663	ON	2018-05-15 18:55:17.402717+00	5
664	OFF	2018-05-15 18:55:17.658027+00	7
665	ON	2018-05-15 18:55:17.683435+00	6
666	OFF	2018-05-15 18:55:17.697308+00	8
667	OFF	2018-05-15 18:55:17.90508+00	2
668	OFF	2018-05-15 18:55:17.921808+00	1
669	OFF	2018-05-15 18:55:18.172701+00	4
670	OFF	2018-05-15 18:55:18.202721+00	3
671	ON	2018-05-15 18:55:18.423668+00	5
672	OFF	2018-05-15 18:55:18.654283+00	7
673	ON	2018-05-15 18:55:18.67014+00	6
674	OFF	2018-05-15 18:55:18.718584+00	8
675	OFF	2018-05-15 18:55:18.904123+00	2
676	OFF	2018-05-15 18:55:18.924089+00	1
677	OFF	2018-05-15 18:55:19.152362+00	4
678	OFF	2018-05-15 18:55:19.168305+00	3
679	ON	2018-05-15 18:55:19.404208+00	5
680	OFF	2018-05-15 18:55:19.667496+00	7
681	ON	2018-05-15 18:55:19.688995+00	6
682	OFF	2018-05-15 18:55:19.704634+00	8
683	OFF	2018-05-15 18:55:19.9042+00	2
684	OFF	2018-05-15 18:55:19.927448+00	1
685	OFF	2018-05-15 18:55:20.160351+00	4
686	OFF	2018-05-15 18:55:20.179352+00	3
687	ON	2018-05-15 18:55:20.405842+00	5
688	OFF	2018-05-15 18:55:20.66969+00	7
689	ON	2018-05-15 18:55:20.684261+00	6
690	OFF	2018-05-15 18:55:20.699141+00	8
691	OFF	2018-05-15 18:55:20.908965+00	2
692	OFF	2018-05-15 18:55:20.927899+00	1
693	OFF	2018-05-15 18:55:21.16418+00	4
694	OFF	2018-05-15 18:55:21.179606+00	3
695	ON	2018-05-15 18:55:21.407368+00	5
696	OFF	2018-05-15 18:55:21.671598+00	7
697	ON	2018-05-15 18:55:21.69031+00	6
698	OFF	2018-05-15 18:55:21.705964+00	8
699	OFF	2018-05-15 18:55:21.913142+00	2
700	OFF	2018-05-15 18:55:21.927702+00	1
701	OFF	2018-05-15 18:55:22.162583+00	4
702	OFF	2018-05-15 18:55:22.177605+00	3
703	ON	2018-05-15 18:55:22.410953+00	5
704	OFF	2018-05-15 18:55:22.670671+00	7
705	ON	2018-05-15 18:55:22.684694+00	6
706	OFF	2018-05-15 18:55:22.698522+00	8
707	OFF	2018-05-15 18:55:22.916369+00	2
708	OFF	2018-05-15 18:55:22.934779+00	1
709	OFF	2018-05-15 18:55:23.168404+00	4
710	OFF	2018-05-15 18:55:23.185481+00	3
711	ON	2018-05-15 18:55:23.426083+00	5
712	OFF	2018-05-15 18:55:23.681821+00	7
713	OFF	2018-05-15 18:55:23.697804+00	6
714	OFF	2018-05-15 18:55:23.712925+00	8
715	OFF	2018-05-15 18:55:23.928339+00	2
716	OFF	2018-05-15 18:55:23.951159+00	1
717	OFF	2018-05-15 18:55:24.233745+00	4
718	OFF	2018-05-15 18:55:24.255097+00	3
719	ON	2018-05-15 18:55:24.424669+00	5
720	OFF	2018-05-15 18:55:24.675559+00	7
721	OFF	2018-05-15 18:55:24.693115+00	6
722	OFF	2018-05-15 18:55:24.709683+00	8
723	OFF	2018-05-15 18:55:24.92736+00	2
724	OFF	2018-05-15 18:55:24.944933+00	1
725	OFF	2018-05-15 18:55:25.180504+00	4
726	OFF	2018-05-15 18:55:25.201224+00	3
727	ON	2018-05-15 18:55:25.428335+00	5
728	OFF	2018-05-15 18:55:25.709926+00	7
729	OFF	2018-05-15 18:55:25.730814+00	6
730	OFF	2018-05-15 18:55:25.754524+00	8
731	OFF	2018-05-15 18:55:25.929769+00	2
732	OFF	2018-05-15 18:55:25.945783+00	1
733	OFF	2018-05-15 18:55:26.184593+00	4
734	OFF	2018-05-15 18:55:26.200802+00	3
735	ON	2018-05-15 18:55:26.432709+00	5
736	OFF	2018-05-15 18:55:26.691743+00	7
737	OFF	2018-05-15 18:55:26.710721+00	6
738	OFF	2018-05-15 18:55:26.727048+00	8
739	OFF	2018-05-15 18:55:26.952845+00	2
740	OFF	2018-05-15 18:55:26.970177+00	1
741	OFF	2018-05-15 18:55:27.196082+00	4
742	OFF	2018-05-15 18:55:27.22761+00	3
743	ON	2018-05-15 18:55:27.450302+00	5
744	OFF	2018-05-15 18:55:27.688972+00	7
745	OFF	2018-05-15 18:55:27.706593+00	6
746	OFF	2018-05-15 18:55:27.721212+00	8
747	OFF	2018-05-15 18:55:27.951204+00	2
748	OFF	2018-05-15 18:55:27.966016+00	1
749	OFF	2018-05-15 18:55:28.191179+00	4
750	OFF	2018-05-15 18:55:28.204175+00	3
751	ON	2018-05-15 18:55:28.443766+00	5
752	OFF	2018-05-15 18:55:28.692301+00	7
753	OFF	2018-05-15 18:55:28.709326+00	6
754	OFF	2018-05-15 18:55:28.733013+00	8
755	OFF	2018-05-15 18:55:28.961655+00	2
756	OFF	2018-05-15 18:55:28.994165+00	1
757	OFF	2018-05-15 18:55:29.195579+00	4
758	OFF	2018-05-15 18:55:29.21545+00	3
759	ON	2018-05-15 18:55:29.448725+00	5
760	OFF	2018-05-15 18:55:29.692746+00	7
761	OFF	2018-05-15 18:55:29.708455+00	6
762	OFF	2018-05-15 18:55:29.7227+00	8
763	OFF	2018-05-15 18:55:29.967823+00	2
764	OFF	2018-05-15 18:55:29.989678+00	1
765	OFF	2018-05-15 18:55:30.205875+00	4
766	OFF	2018-05-15 18:55:30.220871+00	3
767	ON	2018-05-15 18:55:30.45157+00	5
768	OFF	2018-05-15 18:55:30.70357+00	7
769	OFF	2018-05-15 18:55:30.716317+00	6
770	OFF	2018-05-15 18:55:30.732195+00	8
771	OFF	2018-05-15 18:55:30.948819+00	2
772	OFF	2018-05-15 18:55:30.966187+00	1
773	OFF	2018-05-15 18:55:31.203185+00	4
774	OFF	2018-05-15 18:55:31.217305+00	3
775	ON	2018-05-15 18:55:31.452999+00	5
776	OFF	2018-05-15 18:55:31.706444+00	7
777	OFF	2018-05-15 18:55:31.722531+00	6
778	OFF	2018-05-15 18:55:31.739989+00	8
779	OFF	2018-05-15 18:55:31.959783+00	2
780	OFF	2018-05-15 18:55:31.980076+00	1
781	ON	2018-05-15 18:55:32.219762+00	4
782	OFF	2018-05-15 18:55:32.247653+00	3
783	ON	2018-05-15 18:55:32.461865+00	5
784	OFF	2018-05-15 18:55:32.755565+00	7
785	OFF	2018-05-15 18:55:32.772499+00	6
786	OFF	2018-05-15 18:55:32.787517+00	8
787	OFF	2018-05-15 18:55:32.966621+00	2
788	OFF	2018-05-15 18:55:32.986941+00	1
789	ON	2018-05-15 18:55:33.216377+00	4
790	OFF	2018-05-15 18:55:33.232616+00	3
791	ON	2018-05-15 18:55:33.463515+00	5
792	OFF	2018-05-15 18:55:33.711497+00	7
793	OFF	2018-05-15 18:55:33.730075+00	6
794	OFF	2018-05-15 18:55:33.753304+00	8
795	OFF	2018-05-15 18:55:33.979737+00	2
796	OFF	2018-05-15 18:55:33.998634+00	1
797	ON	2018-05-15 18:55:34.215105+00	4
798	OFF	2018-05-15 18:55:34.230829+00	3
799	ON	2018-05-15 18:55:34.473561+00	5
800	OFF	2018-05-15 18:55:34.721496+00	7
801	OFF	2018-05-15 18:55:34.740596+00	6
802	OFF	2018-05-15 18:55:34.757037+00	8
803	OFF	2018-05-15 18:55:34.987394+00	2
804	OFF	2018-05-15 18:55:35.012222+00	1
805	ON	2018-05-15 18:55:35.233763+00	4
806	OFF	2018-05-15 18:55:35.251475+00	3
807	ON	2018-05-15 18:55:35.472044+00	5
808	OFF	2018-05-15 18:55:35.721773+00	7
809	OFF	2018-05-15 18:55:35.738537+00	6
810	OFF	2018-05-15 18:55:35.750214+00	8
811	OFF	2018-05-15 18:55:35.973627+00	2
812	OFF	2018-05-15 18:55:35.994059+00	1
813	ON	2018-05-15 18:55:36.226248+00	4
814	OFF	2018-05-15 18:55:36.243159+00	3
815	ON	2018-05-15 18:55:36.482078+00	5
816	OFF	2018-05-15 18:55:36.726173+00	7
817	OFF	2018-05-15 18:55:36.739878+00	6
818	OFF	2018-05-15 18:55:36.753743+00	8
819	OFF	2018-05-15 18:55:36.979232+00	2
820	OFF	2018-05-15 18:55:36.999099+00	1
821	ON	2018-05-15 18:55:37.234266+00	4
822	OFF	2018-05-15 18:55:37.255724+00	3
823	ON	2018-05-15 18:55:37.484101+00	5
824	OFF	2018-05-15 18:55:37.72696+00	7
825	OFF	2018-05-15 18:55:37.74346+00	6
826	OFF	2018-05-15 18:55:37.759103+00	8
827	OFF	2018-05-15 18:55:38.022633+00	2
828	OFF	2018-05-15 18:55:38.04059+00	1
829	ON	2018-05-15 18:55:38.237528+00	4
830	OFF	2018-05-15 18:55:38.26126+00	3
831	ON	2018-05-15 18:55:38.491643+00	5
832	OFF	2018-05-15 18:55:38.745284+00	7
833	OFF	2018-05-15 18:55:38.767756+00	6
834	OFF	2018-05-15 18:55:38.799845+00	8
835	OFF	2018-05-15 18:55:38.996304+00	2
836	OFF	2018-05-15 18:55:39.02286+00	1
837	ON	2018-05-15 18:55:39.251069+00	4
838	OFF	2018-05-15 18:55:39.278322+00	3
839	ON	2018-05-15 18:55:39.495142+00	5
840	OFF	2018-05-15 18:55:39.743767+00	7
841	OFF	2018-05-15 18:55:39.764946+00	6
842	OFF	2018-05-15 18:55:39.782391+00	8
843	OFF	2018-05-15 18:55:39.996022+00	2
844	OFF	2018-05-15 18:55:40.029493+00	1
845	ON	2018-05-15 18:55:40.253945+00	4
846	OFF	2018-05-15 18:55:40.27473+00	3
847	ON	2018-05-15 18:55:40.5008+00	5
848	ON	2018-05-15 18:55:40.747856+00	7
849	OFF	2018-05-15 18:55:40.761947+00	6
850	ON	2018-05-15 18:55:40.774601+00	8
851	ON	2018-05-15 18:55:41.001466+00	2
852	OFF	2018-05-15 18:55:41.019153+00	1
853	ON	2018-05-15 18:55:41.252713+00	4
854	OFF	2018-05-15 18:55:41.267084+00	3
855	ON	2018-05-15 18:55:41.503568+00	5
856	ON	2018-05-15 18:55:41.754007+00	7
857	OFF	2018-05-15 18:55:41.771293+00	6
858	ON	2018-05-15 18:55:41.787778+00	8
859	ON	2018-05-15 18:55:42.004275+00	2
860	OFF	2018-05-15 18:55:42.023687+00	1
861	ON	2018-05-15 18:55:42.252784+00	4
862	OFF	2018-05-15 18:55:42.267807+00	3
863	ON	2018-05-15 18:55:42.503623+00	5
864	ON	2018-05-15 18:55:42.755576+00	7
865	OFF	2018-05-15 18:55:42.771365+00	6
866	ON	2018-05-15 18:55:42.785333+00	8
867	ON	2018-05-15 18:55:43.009971+00	2
868	OFF	2018-05-15 18:55:43.027055+00	1
869	ON	2018-05-15 18:55:43.268506+00	4
870	OFF	2018-05-15 18:55:43.28166+00	3
871	ON	2018-05-15 18:55:43.510108+00	5
872	ON	2018-05-15 18:55:43.769359+00	7
873	OFF	2018-05-15 18:55:43.803888+00	6
874	ON	2018-05-15 18:55:43.831582+00	8
875	ON	2018-05-15 18:55:44.005809+00	2
876	OFF	2018-05-15 18:55:44.021896+00	1
877	ON	2018-05-15 18:55:44.265432+00	4
878	OFF	2018-05-15 18:55:44.281163+00	3
879	ON	2018-05-15 18:55:44.511896+00	5
880	ON	2018-05-15 18:55:44.775836+00	7
881	OFF	2018-05-15 18:55:44.81332+00	6
882	ON	2018-05-15 18:55:44.83161+00	8
883	ON	2018-05-15 18:55:45.023714+00	2
884	OFF	2018-05-15 18:55:45.055198+00	1
885	ON	2018-05-15 18:55:45.266271+00	4
886	OFF	2018-05-15 18:55:45.282164+00	3
887	ON	2018-05-15 18:55:45.517808+00	5
888	ON	2018-05-15 18:55:45.798178+00	7
889	OFF	2018-05-15 18:55:45.818449+00	6
890	ON	2018-05-15 18:55:45.832683+00	8
891	ON	2018-05-15 18:55:46.020177+00	2
892	OFF	2018-05-15 18:55:46.038247+00	1
893	ON	2018-05-15 18:55:46.271573+00	4
894	OFF	2018-05-15 18:55:46.286709+00	3
895	ON	2018-05-15 18:55:46.521197+00	5
896	ON	2018-05-15 18:55:46.771631+00	7
897	OFF	2018-05-15 18:55:46.787797+00	6
898	ON	2018-05-15 18:55:46.801394+00	8
899	ON	2018-05-15 18:55:47.020747+00	2
900	OFF	2018-05-15 18:55:47.040203+00	1
901	ON	2018-05-15 18:55:47.274124+00	4
902	OFF	2018-05-15 18:55:47.290358+00	3
903	ON	2018-05-15 18:55:47.535058+00	5
904	ON	2018-05-15 18:55:47.778454+00	7
905	OFF	2018-05-15 18:55:47.804401+00	6
906	ON	2018-05-15 18:55:47.825456+00	8
907	ON	2018-05-15 18:55:48.032823+00	2
908	OFF	2018-05-15 18:55:48.050498+00	1
909	ON	2018-05-15 18:55:48.283294+00	4
910	OFF	2018-05-15 18:55:48.300801+00	3
911	ON	2018-05-15 18:55:48.528024+00	5
912	ON	2018-05-15 18:55:48.791557+00	7
913	OFF	2018-05-15 18:55:48.810224+00	6
914	ON	2018-05-15 18:55:48.830846+00	8
915	ON	2018-05-15 18:55:49.032752+00	2
916	OFF	2018-05-15 18:55:49.047952+00	1
917	ON	2018-05-15 18:55:49.283236+00	4
918	OFF	2018-05-15 18:55:49.301332+00	3
919	ON	2018-05-15 18:55:49.53203+00	5
920	ON	2018-05-15 18:55:49.784398+00	7
921	OFF	2018-05-15 18:55:49.805211+00	6
922	ON	2018-05-15 18:55:49.820657+00	8
923	ON	2018-05-15 18:55:50.035885+00	2
924	OFF	2018-05-15 18:55:50.053066+00	1
925	ON	2018-05-15 18:55:50.291674+00	4
926	OFF	2018-05-15 18:55:50.316176+00	3
927	ON	2018-05-15 18:55:50.540386+00	5
928	ON	2018-05-15 18:55:50.793811+00	7
929	OFF	2018-05-15 18:55:50.810569+00	6
930	ON	2018-05-15 18:55:50.826095+00	8
931	ON	2018-05-15 18:55:51.04074+00	2
932	OFF	2018-05-15 18:55:51.055286+00	1
933	ON	2018-05-15 18:55:51.29512+00	4
934	OFF	2018-05-15 18:55:51.311403+00	3
935	ON	2018-05-15 18:55:51.5455+00	5
936	ON	2018-05-15 18:55:51.804961+00	7
937	OFF	2018-05-15 18:55:51.820815+00	6
938	ON	2018-05-15 18:55:51.835104+00	8
939	ON	2018-05-15 18:55:52.048647+00	2
940	OFF	2018-05-15 18:55:52.065986+00	1
941	ON	2018-05-15 18:55:52.298332+00	4
942	OFF	2018-05-15 18:55:52.314847+00	3
943	ON	2018-05-15 18:55:52.54599+00	5
944	ON	2018-05-15 18:55:52.797645+00	7
945	OFF	2018-05-15 18:55:52.815053+00	6
946	ON	2018-05-15 18:55:52.829349+00	8
947	ON	2018-05-15 18:55:53.053434+00	2
948	OFF	2018-05-15 18:55:53.070695+00	1
949	ON	2018-05-15 18:55:53.316196+00	4
950	OFF	2018-05-15 18:55:53.33376+00	3
951	ON	2018-05-15 18:55:53.548947+00	5
952	ON	2018-05-15 18:55:53.80115+00	7
953	OFF	2018-05-15 18:55:53.816091+00	6
954	ON	2018-05-15 18:55:53.830795+00	8
955	ON	2018-05-15 18:55:54.060919+00	2
956	OFF	2018-05-15 18:55:54.083627+00	1
957	ON	2018-05-15 18:55:54.30327+00	4
958	OFF	2018-05-15 18:55:54.318318+00	3
959	ON	2018-05-15 18:55:54.556229+00	5
960	ON	2018-05-15 18:55:54.804153+00	7
961	OFF	2018-05-15 18:55:54.821837+00	6
962	ON	2018-05-15 18:55:54.838195+00	8
963	ON	2018-05-15 18:55:55.058612+00	2
964	OFF	2018-05-15 18:55:55.075681+00	1
965	ON	2018-05-15 18:55:55.305611+00	4
966	OFF	2018-05-15 18:55:55.320421+00	3
967	ON	2018-05-15 18:55:55.566343+00	5
968	ON	2018-05-15 18:55:55.805786+00	7
969	OFF	2018-05-15 18:55:55.821915+00	6
970	ON	2018-05-15 18:55:55.839226+00	8
971	ON	2018-05-15 18:55:56.059477+00	2
972	OFF	2018-05-15 18:55:56.074687+00	1
973	ON	2018-05-15 18:55:56.314538+00	4
974	OFF	2018-05-15 18:55:56.330849+00	3
975	ON	2018-05-15 18:55:56.559112+00	5
976	ON	2018-05-15 18:55:56.823949+00	7
977	OFF	2018-05-15 18:55:56.83983+00	6
978	ON	2018-05-15 18:55:56.853837+00	8
979	ON	2018-05-15 18:55:57.061867+00	2
980	OFF	2018-05-15 18:55:57.08162+00	1
981	ON	2018-05-15 18:55:57.330532+00	4
982	OFF	2018-05-15 18:55:57.344177+00	3
983	ON	2018-05-15 18:55:57.566445+00	5
984	ON	2018-05-15 18:55:57.816071+00	7
985	OFF	2018-05-15 18:55:57.832747+00	6
986	ON	2018-05-15 18:55:57.845415+00	8
987	ON	2018-05-15 18:55:58.06826+00	2
988	OFF	2018-05-15 18:55:58.092096+00	1
989	ON	2018-05-15 18:55:58.314611+00	4
990	OFF	2018-05-15 18:55:58.330523+00	3
991	ON	2018-05-15 18:55:58.568993+00	5
992	ON	2018-05-15 18:55:58.835529+00	7
993	OFF	2018-05-15 18:55:58.854437+00	6
994	ON	2018-05-15 18:55:58.8908+00	8
995	ON	2018-05-15 18:55:59.080321+00	2
996	OFF	2018-05-15 18:55:59.096103+00	1
997	ON	2018-05-15 18:55:59.324781+00	4
998	OFF	2018-05-15 18:55:59.33958+00	3
999	ON	2018-05-15 18:55:59.587233+00	5
1000	ON	2018-05-15 18:55:59.828499+00	7
1001	OFF	2018-05-15 18:55:59.847321+00	6
1002	ON	2018-05-15 18:55:59.863767+00	8
1003	ON	2018-05-15 18:56:00.07499+00	2
1004	OFF	2018-05-15 18:56:00.093315+00	1
1005	ON	2018-05-15 18:56:00.332085+00	4
1006	OFF	2018-05-15 18:56:00.35189+00	3
1007	ON	2018-05-15 18:56:00.585349+00	5
1008	ON	2018-05-15 18:56:00.836484+00	7
1009	OFF	2018-05-15 18:56:00.852602+00	6
1010	ON	2018-05-15 18:56:00.86785+00	8
1011	ON	2018-05-15 18:56:01.087152+00	2
1012	OFF	2018-05-15 18:56:01.102209+00	1
1013	ON	2018-05-15 18:56:01.326032+00	4
1014	OFF	2018-05-15 18:56:01.337776+00	3
1015	ON	2018-05-15 18:56:01.580987+00	5
1016	ON	2018-05-15 18:56:01.847312+00	7
1017	OFF	2018-05-15 18:56:01.86104+00	6
1018	ON	2018-05-15 18:56:01.876595+00	8
1019	ON	2018-05-15 18:56:02.081634+00	2
1020	OFF	2018-05-15 18:56:02.098153+00	1
1021	ON	2018-05-15 18:56:02.333633+00	4
1022	OFF	2018-05-15 18:56:02.350556+00	3
1023	ON	2018-05-15 18:56:02.592119+00	5
1024	ON	2018-05-15 18:56:02.835016+00	7
1025	OFF	2018-05-15 18:56:02.85225+00	6
1026	ON	2018-05-15 18:56:02.867425+00	8
1027	ON	2018-05-15 18:56:03.086524+00	2
1028	OFF	2018-05-15 18:56:03.101395+00	1
1029	ON	2018-05-15 18:56:03.332735+00	4
1030	OFF	2018-05-15 18:56:03.348049+00	3
1031	ON	2018-05-15 18:56:03.586244+00	5
1032	ON	2018-05-15 18:56:03.841604+00	7
1033	OFF	2018-05-15 18:56:03.855926+00	6
1034	ON	2018-05-15 18:56:03.874333+00	8
1035	ON	2018-05-15 18:56:04.096619+00	2
1036	OFF	2018-05-15 18:56:04.11144+00	1
1037	ON	2018-05-15 18:56:04.34227+00	4
1038	OFF	2018-05-15 18:56:04.356339+00	3
1039	ON	2018-05-15 18:56:04.593512+00	5
1040	ON	2018-05-15 18:56:04.847884+00	7
1041	OFF	2018-05-15 18:56:04.864864+00	6
1042	ON	2018-05-15 18:56:04.883092+00	8
1043	ON	2018-05-15 18:56:05.095707+00	2
1044	OFF	2018-05-15 18:56:05.114456+00	1
1045	ON	2018-05-15 18:56:05.355562+00	4
1046	OFF	2018-05-15 18:56:05.378382+00	3
1047	ON	2018-05-15 18:56:05.59717+00	5
1048	ON	2018-05-15 18:56:05.847693+00	7
1049	OFF	2018-05-15 18:56:05.861675+00	6
1050	ON	2018-05-15 18:56:05.878463+00	8
1051	ON	2018-05-15 18:56:06.096736+00	2
1052	OFF	2018-05-15 18:56:06.11575+00	1
1053	ON	2018-05-15 18:56:06.354873+00	4
1054	OFF	2018-05-15 18:56:06.367726+00	3
1055	ON	2018-05-15 18:56:06.604486+00	5
1056	ON	2018-05-15 18:56:06.8714+00	7
1057	OFF	2018-05-15 18:56:06.889041+00	6
1058	ON	2018-05-15 18:56:06.906783+00	8
1059	ON	2018-05-15 18:56:07.103381+00	2
1060	OFF	2018-05-15 18:56:07.122167+00	1
1061	ON	2018-05-15 18:56:07.351646+00	4
1062	OFF	2018-05-15 18:56:07.367941+00	3
1063	ON	2018-05-15 18:56:07.603595+00	5
1064	ON	2018-05-15 18:56:07.863691+00	7
1065	OFF	2018-05-15 18:56:07.880726+00	6
1066	ON	2018-05-15 18:56:07.90156+00	8
1067	ON	2018-05-15 18:56:08.113135+00	2
1068	OFF	2018-05-15 18:56:08.131939+00	1
1069	ON	2018-05-15 18:56:08.354195+00	4
1070	OFF	2018-05-15 18:56:08.367143+00	3
1071	ON	2018-05-15 18:56:08.611277+00	5
1072	ON	2018-05-15 18:56:08.865236+00	7
1073	OFF	2018-05-15 18:56:08.880694+00	6
1074	ON	2018-05-15 18:56:08.897001+00	8
1075	ON	2018-05-15 18:56:09.113236+00	2
1076	OFF	2018-05-15 18:56:09.12887+00	1
1077	ON	2018-05-15 18:56:09.358129+00	4
1078	OFF	2018-05-15 18:56:09.374744+00	3
1079	ON	2018-05-15 18:56:09.616259+00	5
1080	ON	2018-05-15 18:56:09.860318+00	7
1081	OFF	2018-05-15 18:56:09.879577+00	6
1082	ON	2018-05-15 18:56:09.8917+00	8
1083	ON	2018-05-15 18:56:10.114215+00	2
1084	OFF	2018-05-15 18:56:10.131198+00	1
1085	ON	2018-05-15 18:56:10.380008+00	4
1086	OFF	2018-05-15 18:56:10.39607+00	3
1087	ON	2018-05-15 18:56:10.616462+00	5
1088	ON	2018-05-15 18:56:10.864786+00	7
1089	OFF	2018-05-15 18:56:10.880936+00	6
1090	ON	2018-05-15 18:56:10.90061+00	8
1091	ON	2018-05-15 18:56:11.130868+00	2
1092	OFF	2018-05-15 18:56:11.152676+00	1
1093	ON	2018-05-15 18:56:11.363264+00	4
1094	OFF	2018-05-15 18:56:11.37923+00	3
1095	ON	2018-05-15 18:56:11.629126+00	5
1096	ON	2018-05-15 18:56:11.874879+00	7
1097	OFF	2018-05-15 18:56:11.891097+00	6
1098	ON	2018-05-15 18:56:11.906377+00	8
1099	ON	2018-05-15 18:56:12.120851+00	2
1100	OFF	2018-05-15 18:56:12.140105+00	1
1101	ON	2018-05-15 18:56:12.383185+00	4
1102	OFF	2018-05-15 18:56:12.398693+00	3
1103	ON	2018-05-15 18:56:12.619275+00	5
1104	ON	2018-05-15 18:56:12.871529+00	7
1105	OFF	2018-05-15 18:56:12.887166+00	6
1106	ON	2018-05-15 18:56:12.901125+00	8
1107	ON	2018-05-15 18:56:13.126722+00	2
1108	OFF	2018-05-15 18:56:13.144892+00	1
1109	ON	2018-05-15 18:56:13.382231+00	4
1110	OFF	2018-05-15 18:56:13.402923+00	3
1111	ON	2018-05-15 18:56:13.627173+00	5
1112	OFF	2018-05-15 18:56:13.878799+00	7
1113	OFF	2018-05-15 18:56:13.893741+00	6
1114	OFF	2018-05-15 18:56:13.911471+00	8
1115	OFF	2018-05-15 18:56:14.127448+00	2
1116	OFF	2018-05-15 18:56:14.143184+00	1
1117	ON	2018-05-15 18:56:14.392129+00	4
1118	OFF	2018-05-15 18:56:14.410615+00	3
1119	ON	2018-05-15 18:56:14.633997+00	5
1120	OFF	2018-05-15 18:56:14.879275+00	7
1121	OFF	2018-05-15 18:56:14.896261+00	6
1122	OFF	2018-05-15 18:56:14.914993+00	8
1123	OFF	2018-05-15 18:56:15.131704+00	2
1124	OFF	2018-05-15 18:56:15.147553+00	1
1125	ON	2018-05-15 18:56:15.382151+00	4
1126	OFF	2018-05-15 18:56:15.395047+00	3
1127	ON	2018-05-15 18:56:15.636835+00	5
1128	OFF	2018-05-15 18:56:15.892823+00	7
1129	OFF	2018-05-15 18:56:15.910293+00	6
1130	OFF	2018-05-15 18:56:15.927376+00	8
1131	OFF	2018-05-15 18:56:16.141244+00	2
1132	OFF	2018-05-15 18:56:16.160294+00	1
1133	ON	2018-05-15 18:56:16.388099+00	4
1134	OFF	2018-05-15 18:56:16.404832+00	3
1135	ON	2018-05-15 18:56:16.639596+00	5
1136	OFF	2018-05-15 18:56:16.890693+00	7
1137	OFF	2018-05-15 18:56:16.908829+00	6
1138	OFF	2018-05-15 18:56:16.929123+00	8
1139	OFF	2018-05-15 18:56:17.146517+00	2
1140	OFF	2018-05-15 18:56:17.165125+00	1
1141	ON	2018-05-15 18:56:17.393038+00	4
1142	OFF	2018-05-15 18:56:17.4075+00	3
1143	ON	2018-05-15 18:56:17.656051+00	5
1144	OFF	2018-05-15 18:56:17.895728+00	7
1145	OFF	2018-05-15 18:56:17.913202+00	6
1146	OFF	2018-05-15 18:56:18.060191+00	8
1147	OFF	2018-05-15 18:56:18.225336+00	2
1148	OFF	2018-05-15 18:56:18.249476+00	1
1149	ON	2018-05-15 18:56:18.399488+00	4
1150	OFF	2018-05-15 18:56:18.417695+00	3
1151	ON	2018-05-15 18:56:18.64735+00	5
1152	OFF	2018-05-15 18:56:18.930185+00	7
1153	OFF	2018-05-15 18:56:18.949882+00	6
1154	OFF	2018-05-15 18:56:18.971495+00	8
1155	OFF	2018-05-15 18:56:19.154831+00	2
1156	OFF	2018-05-15 18:56:19.171555+00	1
1157	ON	2018-05-15 18:56:19.399125+00	4
1158	OFF	2018-05-15 18:56:19.412853+00	3
1159	ON	2018-05-15 18:56:19.650995+00	5
1160	OFF	2018-05-15 18:56:19.906433+00	7
1161	OFF	2018-05-15 18:56:19.924187+00	6
1162	OFF	2018-05-15 18:56:19.941451+00	8
1163	OFF	2018-05-15 18:56:20.153617+00	2
1164	OFF	2018-05-15 18:56:20.169027+00	1
1165	ON	2018-05-15 18:56:20.410602+00	4
1166	OFF	2018-05-15 18:56:20.430326+00	3
1167	ON	2018-05-15 18:56:20.658874+00	5
1168	OFF	2018-05-15 18:56:20.908414+00	7
1169	OFF	2018-05-15 18:56:20.922304+00	6
1170	OFF	2018-05-15 18:56:20.941119+00	8
1171	OFF	2018-05-15 18:56:21.157067+00	2
1172	OFF	2018-05-15 18:56:21.177339+00	1
1173	ON	2018-05-15 18:56:21.409648+00	4
1174	OFF	2018-05-15 18:56:21.425069+00	3
1175	ON	2018-05-15 18:56:21.662715+00	5
1176	OFF	2018-05-15 18:56:21.91198+00	7
1177	OFF	2018-05-15 18:56:21.933984+00	6
1178	OFF	2018-05-15 18:56:21.957355+00	8
1179	OFF	2018-05-15 18:56:22.160659+00	2
1180	OFF	2018-05-15 18:56:22.176847+00	1
1181	OFF	2018-05-15 18:56:22.417468+00	4
1182	OFF	2018-05-15 18:56:22.436817+00	3
1183	ON	2018-05-15 18:56:22.665254+00	5
1184	OFF	2018-05-15 18:56:22.931515+00	7
1185	OFF	2018-05-15 18:56:22.947592+00	6
1186	OFF	2018-05-15 18:56:22.963447+00	8
1187	OFF	2018-05-15 18:56:23.166736+00	2
1188	OFF	2018-05-15 18:56:23.184172+00	1
1189	OFF	2018-05-15 18:56:23.422935+00	4
1190	OFF	2018-05-15 18:56:23.439347+00	3
1191	ON	2018-05-15 18:56:23.666745+00	5
1192	OFF	2018-05-15 18:56:23.922585+00	7
1193	OFF	2018-05-15 18:56:23.93822+00	6
1194	OFF	2018-05-15 18:56:23.952664+00	8
1195	OFF	2018-05-15 18:56:24.169991+00	2
1196	OFF	2018-05-15 18:56:24.187949+00	1
1197	OFF	2018-05-15 18:56:24.423665+00	4
1198	OFF	2018-05-15 18:56:24.439608+00	3
1199	ON	2018-05-15 18:56:24.674728+00	5
1200	OFF	2018-05-15 18:56:24.924783+00	7
1201	OFF	2018-05-15 18:56:24.939299+00	6
1202	OFF	2018-05-15 18:56:24.950939+00	8
1203	OFF	2018-05-15 18:56:25.180366+00	2
1204	OFF	2018-05-15 18:56:25.195196+00	1
1205	OFF	2018-05-15 18:56:25.425458+00	4
1206	OFF	2018-05-15 18:56:25.441705+00	3
1207	ON	2018-05-15 18:56:25.703769+00	5
1208	OFF	2018-05-15 18:56:25.923419+00	7
1209	OFF	2018-05-15 18:56:25.940725+00	6
1210	OFF	2018-05-15 18:56:25.95824+00	8
1211	OFF	2018-05-15 18:56:26.18015+00	2
1212	OFF	2018-05-15 18:56:26.198083+00	1
1213	OFF	2018-05-15 18:56:26.426922+00	4
1214	OFF	2018-05-15 18:56:26.446646+00	3
1215	ON	2018-05-15 18:56:26.691845+00	5
1216	OFF	2018-05-15 18:56:26.935591+00	7
1217	OFF	2018-05-15 18:56:26.951024+00	6
1218	OFF	2018-05-15 18:56:26.963875+00	8
1219	OFF	2018-05-15 18:56:27.180807+00	2
1220	OFF	2018-05-15 18:56:27.197853+00	1
1221	OFF	2018-05-15 18:56:27.439441+00	4
1222	OFF	2018-05-15 18:56:27.459435+00	3
1223	ON	2018-05-15 18:56:27.686777+00	5
1224	OFF	2018-05-15 18:56:27.938898+00	7
1225	OFF	2018-05-15 18:56:27.953506+00	6
1226	OFF	2018-05-15 18:56:27.969318+00	8
1227	OFF	2018-05-15 18:56:28.188384+00	2
1228	OFF	2018-05-15 18:56:28.204402+00	1
1229	OFF	2018-05-15 18:56:28.440962+00	4
1230	OFF	2018-05-15 18:56:28.456971+00	3
1231	ON	2018-05-15 18:56:28.695073+00	5
1232	OFF	2018-05-15 18:56:28.947096+00	7
1233	OFF	2018-05-15 18:56:28.972362+00	6
1234	OFF	2018-05-15 18:56:28.992387+00	8
1235	OFF	2018-05-15 18:56:29.189228+00	2
1236	OFF	2018-05-15 18:56:29.202882+00	1
1237	OFF	2018-05-15 18:56:29.443379+00	4
1238	OFF	2018-05-15 18:56:29.459159+00	3
1239	ON	2018-05-15 18:56:29.696022+00	5
1240	OFF	2018-05-15 18:56:29.946907+00	7
1241	OFF	2018-05-15 18:56:29.962721+00	6
1242	OFF	2018-05-15 18:56:29.978288+00	8
1243	OFF	2018-05-15 18:56:30.218296+00	2
1244	OFF	2018-05-15 18:56:30.23791+00	1
1245	OFF	2018-05-15 18:56:30.443552+00	4
1246	OFF	2018-05-15 18:56:30.458586+00	3
1247	ON	2018-05-15 18:56:30.713599+00	5
1248	OFF	2018-05-15 18:56:30.947944+00	7
1249	ON	2018-05-15 18:56:30.964522+00	6
1250	OFF	2018-05-15 18:56:30.980878+00	8
1251	OFF	2018-05-15 18:56:31.200047+00	2
1252	OFF	2018-05-15 18:56:31.222313+00	1
1253	OFF	2018-05-15 18:56:31.452005+00	4
1254	OFF	2018-05-15 18:56:31.467633+00	3
1255	ON	2018-05-15 18:56:31.703243+00	5
1256	OFF	2018-05-15 18:56:31.949667+00	7
1257	ON	2018-05-15 18:56:31.967688+00	6
1258	OFF	2018-05-15 18:56:31.984238+00	8
1259	OFF	2018-05-15 18:56:32.212598+00	2
1260	OFF	2018-05-15 18:56:32.231944+00	1
1261	OFF	2018-05-15 18:56:32.452394+00	4
1262	OFF	2018-05-15 18:56:32.46731+00	3
1263	ON	2018-05-15 18:56:32.704899+00	5
1264	OFF	2018-05-15 18:56:32.960496+00	7
1265	ON	2018-05-15 18:56:32.973634+00	6
1266	OFF	2018-05-15 18:56:32.989016+00	8
1267	OFF	2018-05-15 18:56:33.206334+00	2
1268	OFF	2018-05-15 18:56:33.222458+00	1
1269	OFF	2018-05-15 18:56:33.459916+00	4
1270	OFF	2018-05-15 18:56:33.47623+00	3
1271	ON	2018-05-15 18:56:33.71177+00	5
1272	OFF	2018-05-15 18:56:33.969914+00	7
1273	ON	2018-05-15 18:56:33.98735+00	6
1274	OFF	2018-05-15 18:56:34.013534+00	8
1275	OFF	2018-05-15 18:56:34.211836+00	2
1276	OFF	2018-05-15 18:56:34.228557+00	1
1277	OFF	2018-05-15 18:56:34.481032+00	4
1278	OFF	2018-05-15 18:56:34.500859+00	3
1279	ON	2018-05-15 18:56:34.717862+00	5
1280	OFF	2018-05-15 18:56:34.972994+00	7
1281	ON	2018-05-15 18:56:34.989993+00	6
1282	OFF	2018-05-15 18:56:35.005782+00	8
1283	OFF	2018-05-15 18:56:35.219983+00	2
1284	OFF	2018-05-15 18:56:35.237154+00	1
1285	OFF	2018-05-15 18:56:35.480003+00	4
1286	OFF	2018-05-15 18:56:35.501548+00	3
1287	ON	2018-05-15 18:56:35.75532+00	5
1288	OFF	2018-05-15 18:56:35.971841+00	7
1289	ON	2018-05-15 18:56:35.98998+00	6
1290	OFF	2018-05-15 18:56:36.005649+00	8
1291	OFF	2018-05-15 18:56:36.219578+00	2
1292	OFF	2018-05-15 18:56:36.237861+00	1
1293	OFF	2018-05-15 18:56:36.471565+00	4
1294	ON	2018-05-15 18:56:36.486241+00	3
1295	ON	2018-05-15 18:56:36.734632+00	5
1296	OFF	2018-05-15 18:56:36.974215+00	7
1297	ON	2018-05-15 18:56:36.991655+00	6
1298	OFF	2018-05-15 18:56:37.007047+00	8
1299	OFF	2018-05-15 18:56:37.23478+00	2
1300	OFF	2018-05-15 18:56:37.251623+00	1
1301	OFF	2018-05-15 18:56:37.481402+00	4
1302	ON	2018-05-15 18:56:37.498633+00	3
1303	ON	2018-05-15 18:56:37.726445+00	5
1304	OFF	2018-05-15 18:56:37.984157+00	7
1305	ON	2018-05-15 18:56:38.001185+00	6
1306	OFF	2018-05-15 18:56:38.018044+00	8
1307	OFF	2018-05-15 18:56:38.232847+00	2
1308	OFF	2018-05-15 18:56:38.25301+00	1
1309	OFF	2018-05-15 18:56:38.487497+00	4
1310	ON	2018-05-15 18:56:38.503702+00	3
1311	ON	2018-05-15 18:56:38.733648+00	5
1312	OFF	2018-05-15 18:56:38.981995+00	7
1313	ON	2018-05-15 18:56:38.997674+00	6
1314	OFF	2018-05-15 18:56:39.021055+00	8
1315	OFF	2018-05-15 18:56:39.246227+00	2
1316	OFF	2018-05-15 18:56:39.267115+00	1
1317	OFF	2018-05-15 18:56:39.483322+00	4
1318	ON	2018-05-15 18:56:39.498292+00	3
1319	ON	2018-05-15 18:56:39.74298+00	5
1320	OFF	2018-05-15 18:56:39.98602+00	7
1321	ON	2018-05-15 18:56:40.000171+00	6
1322	OFF	2018-05-15 18:56:40.016003+00	8
1323	OFF	2018-05-15 18:56:40.239462+00	2
1324	OFF	2018-05-15 18:56:40.256201+00	1
1325	OFF	2018-05-15 18:56:40.490069+00	4
1326	ON	2018-05-15 18:56:40.506875+00	3
1327	ON	2018-05-15 18:56:40.738918+00	5
1328	OFF	2018-05-15 18:56:41.000202+00	7
1329	ON	2018-05-15 18:56:41.018581+00	6
1330	OFF	2018-05-15 18:56:41.040887+00	8
1331	OFF	2018-05-15 18:56:41.244674+00	2
1332	OFF	2018-05-15 18:56:41.264023+00	1
1333	OFF	2018-05-15 18:56:41.499386+00	4
1334	ON	2018-05-15 18:56:41.515803+00	3
1335	ON	2018-05-15 18:56:41.744352+00	5
1336	OFF	2018-05-15 18:56:41.998348+00	7
1337	ON	2018-05-15 18:56:42.024689+00	6
1338	OFF	2018-05-15 18:56:42.045142+00	8
1339	OFF	2018-05-15 18:56:42.259143+00	2
1340	ON	2018-05-15 18:56:42.276817+00	1
1341	OFF	2018-05-15 18:56:42.502471+00	4
1342	ON	2018-05-15 18:56:42.518636+00	3
1343	ON	2018-05-15 18:56:42.751602+00	5
1344	OFF	2018-05-15 18:56:43.003863+00	7
1345	ON	2018-05-15 18:56:43.019297+00	6
1346	OFF	2018-05-15 18:56:43.03335+00	8
1347	OFF	2018-05-15 18:56:43.257471+00	2
1348	ON	2018-05-15 18:56:43.273238+00	1
1349	OFF	2018-05-15 18:56:43.506197+00	4
1350	ON	2018-05-15 18:56:43.520164+00	3
1351	ON	2018-05-15 18:56:43.758896+00	5
1352	OFF	2018-05-15 18:56:44.004533+00	7
1353	ON	2018-05-15 18:56:44.02261+00	6
1354	OFF	2018-05-15 18:56:44.041118+00	8
1355	OFF	2018-05-15 18:56:44.257889+00	2
1356	ON	2018-05-15 18:56:44.274346+00	1
1357	OFF	2018-05-15 18:56:44.504678+00	4
1358	ON	2018-05-15 18:56:44.520642+00	3
1359	ON	2018-05-15 18:56:44.758943+00	5
1360	OFF	2018-05-15 18:56:45.009231+00	7
1361	ON	2018-05-15 18:56:45.025649+00	6
1362	OFF	2018-05-15 18:56:45.040828+00	8
1363	OFF	2018-05-15 18:56:45.269689+00	2
1364	ON	2018-05-15 18:56:45.287688+00	1
1365	OFF	2018-05-15 18:56:45.517708+00	4
1366	ON	2018-05-15 18:56:45.533723+00	3
1367	ON	2018-05-15 18:56:45.806706+00	5
1368	OFF	2018-05-15 18:56:46.021461+00	7
1369	ON	2018-05-15 18:56:46.041272+00	6
1370	OFF	2018-05-15 18:56:46.058322+00	8
1371	OFF	2018-05-15 18:56:46.266528+00	2
1372	ON	2018-05-15 18:56:46.281351+00	1
1373	OFF	2018-05-15 18:56:46.522398+00	4
1374	ON	2018-05-15 18:56:46.540165+00	3
1375	ON	2018-05-15 18:56:46.767735+00	5
1376	OFF	2018-05-15 18:56:47.019042+00	7
1377	ON	2018-05-15 18:56:47.035177+00	6
1378	ON	2018-05-15 18:56:47.050845+00	8
\.


--
-- Name: state_stateid_seq; Type: SEQUENCE SET; Schema: HAS; Owner: sinfdoc
--

SELECT pg_catalog.setval('state_stateid_seq', 1378, true);


--
-- Name: actuators_pkey; Type: CONSTRAINT; Schema: HAS; Owner: sinfdoc; Tablespace: 
--

ALTER TABLE ONLY actuators
    ADD CONSTRAINT actuators_pkey PRIMARY KEY (actuatorid);


--
-- Name: measurements_pkey; Type: CONSTRAINT; Schema: HAS; Owner: sinfdoc; Tablespace: 
--

ALTER TABLE ONLY measurements
    ADD CONSTRAINT measurements_pkey PRIMARY KEY (measurementid);


--
-- Name: room_actuator_pkey; Type: CONSTRAINT; Schema: HAS; Owner: sinfdoc; Tablespace: 
--

ALTER TABLE ONLY room_actuator
    ADD CONSTRAINT room_actuator_pkey PRIMARY KEY (raid);


--
-- Name: room_pkey; Type: CONSTRAINT; Schema: HAS; Owner: sinfdoc; Tablespace: 
--

ALTER TABLE ONLY room
    ADD CONSTRAINT room_pkey PRIMARY KEY (roomid);


--
-- Name: rules_pkey; Type: CONSTRAINT; Schema: HAS; Owner: sinfdoc; Tablespace: 
--

ALTER TABLE ONLY rules
    ADD CONSTRAINT rules_pkey PRIMARY KEY (ruleid);


--
-- Name: sensors_pkey; Type: CONSTRAINT; Schema: HAS; Owner: sinfdoc; Tablespace: 
--

ALTER TABLE ONLY sensors
    ADD CONSTRAINT sensors_pkey PRIMARY KEY (moteid, sensor);


--
-- Name: state_pkey; Type: CONSTRAINT; Schema: HAS; Owner: sinfdoc; Tablespace: 
--

ALTER TABLE ONLY state
    ADD CONSTRAINT state_pkey PRIMARY KEY (stateid);


--
-- Name: measurements_moteid_fkey; Type: FK CONSTRAINT; Schema: HAS; Owner: sinfdoc
--

ALTER TABLE ONLY measurements
    ADD CONSTRAINT measurements_moteid_fkey FOREIGN KEY (moteid, sensors) REFERENCES sensors(moteid, sensor);


--
-- Name: room_actuator_actuatorid_fkey; Type: FK CONSTRAINT; Schema: HAS; Owner: sinfdoc
--

ALTER TABLE ONLY room_actuator
    ADD CONSTRAINT room_actuator_actuatorid_fkey FOREIGN KEY (actuatorid) REFERENCES actuators(actuatorid);


--
-- Name: room_actuator_roomid_fkey; Type: FK CONSTRAINT; Schema: HAS; Owner: sinfdoc
--

ALTER TABLE ONLY room_actuator
    ADD CONSTRAINT room_actuator_roomid_fkey FOREIGN KEY (roomid) REFERENCES room(roomid);


--
-- Name: rules_actuatorid_fkey; Type: FK CONSTRAINT; Schema: HAS; Owner: sinfdoc
--

ALTER TABLE ONLY rules
    ADD CONSTRAINT rules_actuatorid_fkey FOREIGN KEY (actuatorid) REFERENCES actuators(actuatorid);


--
-- Name: rules_moteid_fkey; Type: FK CONSTRAINT; Schema: HAS; Owner: sinfdoc
--

ALTER TABLE ONLY rules
    ADD CONSTRAINT rules_moteid_fkey FOREIGN KEY (moteid, sensor) REFERENCES sensors(moteid, sensor);


--
-- Name: sensors_roomid_fkey; Type: FK CONSTRAINT; Schema: HAS; Owner: sinfdoc
--

ALTER TABLE ONLY sensors
    ADD CONSTRAINT sensors_roomid_fkey FOREIGN KEY (roomid) REFERENCES room(roomid);


--
-- Name: state_raid_fkey; Type: FK CONSTRAINT; Schema: HAS; Owner: sinfdoc
--

ALTER TABLE ONLY state
    ADD CONSTRAINT state_raid_fkey FOREIGN KEY (raid) REFERENCES room_actuator(raid);


--
-- PostgreSQL database dump complete
--

